职业代码,职业名称
1 (GBM10),党的机关、国家机关、群众团体和社会组织、企事业单位负责人
2 (GBM20000),专业技术人员
3 (GBM30000),办事人员和有关人员
4 (GBM40000),社会生产服务和生活服务人员
5 (GBM50000),农、林、牧、渔业生产及辅助人员
6 (GBM60000),生产制造及有关人员
7 (GBM70000),军队人员
8 (GBM80000),不便分类的其他从业人员
1-01 (GBM 10100),中国共产党机关和基层组织负责人
1-02 (GBM 10200),国家机关负责人
1-03 (GBM 10300),民主党派和工商联负责人
1-04 (GBM 10400),人民团体和群众团体、社会组织及其他成员组织负责人
1-05 (GBM 10500),基层群众性自治组织负责人
1-06 (GBM 10600),企事业单位负责人
2-01 (GBM 20100),科学研究人员
2-02 (GBM 20200),工程技术人员
2-03 (GBM 20300),农业技术人员
2-04 (GBM 20400),飞机和船舶技术人员
2-05 (GBM 20500),卫生专业技术人员
2-06 (GBM 20600),经济和金融专业人员
2-07 (GBM 20700),监察、法律、社会和宗教专业人员
2-08 (GBM 20800),教学人员
2-09 (GBM 20900),文学艺术、体育专业人员
2-10 (GBM 21000),新闻出版、文化专业人员
2-99 (GBM 29900),其他专业技术人员
3-01 (GBM 30100),行政办事及辅助人员
3-02 (GBM 30200),安全和消防及辅助人员
3-03 (GBM 30300),仲裁、调解及相关法律事务辅助人员
3-99 (GBM 39900),其他办事人员和有关人员
4-01 (GBM 40100),批发与零售服务人员
4-02 (GBM 40200),交通运输、仓储物流和邮政业服务人员
4-03 (GBM 40300),住宿和餐饮服务人员
4-04 (GBM 40400),信息传输、软件和信息技术服务人员
4-05 (GBM 40500),金融服务人员
4-06 (GBM 40600),房地产服务人员
4-07 (GBM 40700),租赁和商务服务人员
4-08 (GBM 40800),技术辅助服务人员
4-09 (GBM 40900),水利、环境和公共设施管理服务人员
4-10 (GBM 41000),居民服务人员
4-11 (GBM 41100),电力、燃气及水供应服务人员
4-12 (GBM 41200),修理及制作服务人员
4-13 (GBM 41300),文化和教育服务人员
4-14 (GBM 41400),健康、体育和休闲服务人员
4-99 (GBM 49900),其他社会生产服务和生活服务人员
5-01 (GBM 50100),农业生产人员
5-02 (GBM 50200),林业生产人员
5-03 (GBM 50300),畜牧业生产人员
5-04 (GBM 50400),渔业生产人员
5-05 (GBM 50500),农、林、牧、渔业生产辅助人员
5-99 (GBM 59900),其他农、林、牧、渔业生产及辅助人员
6-01 (GBM 60100),农副产品加工人员
6-02 (GBM 60200),食品、饮料生产加工人员
6-03 (GBM 60300),烟草及其制品加工人员
6-04 (GBM 60400),纺织、针织、印染人员
6-05 (GBM 60500),纺织品、服装和皮革、毛皮制品加工制作人员
6-06 (GBM 60600),木材加工、家具与木制品制作人员
6-07 (GBM 60700),纸及纸制品生产加工人员
6-08 (GBM 60800),印刷和记录媒介复制人员
6-09 (GBM 60900),文教、工美、体育和娱乐用品制造人员
6-10 (GBM 61000),石油加工和炼焦、煤化工生产人员
6-11 (GBM 61100),化学原料和化学制品制造人员
6-12 (GBM 61200),医药制造人员
6-13 (GBM 61300),化学纤维制造人员
6-14 (GBM 61400),橡胶和塑料制品制造人员
6-15 (GBM 61500),非金属矿物制品制造人员
6-16 (GBM 61600),采矿人员
6-17 (GBM 61700),金属冶炼和压延加工人员
6-18 (GBM 61800),机械制造基础加工人员
6-19 (GBM 61900),金属制品制造人员
6-20 (GBM 62000),通用设备制造人员
6-21 (GBM 62100),专用设备制造人员
6-22 (GBM 62200),汽车制造人员
6-23 (GBM 62300),铁路、船舶、航空设备制造人员
6-24 (GBM 62400),电气机械和器材制造人员
6-25 (GBM 62500),计算机、通信和其他电子设备制造人员
6-26 (GBM 62600),仪器仪表制造人员
6-27 (GBM 62700),再生资源综合利用人员
6-28 (GBM 62800),电力、热力、气体、水生产和输配人员
6-29 (GBM 62900),建筑施工人员
6-30 (GBM 63000),运输设备和通用工程机械操作人员及有关人员
6-31 (GBM 63100),生产辅助人员
6-99 (GBM 69900),其他生产制造及有关人员
7-01 (GBM 70100),军官(警官)
7-02 (GBM 70200),军士(警士)
7-03 (GBM 70300),义务兵
7-04 (GBM 70400),文职人员
8-00 (GBM 80000),不便分类的其他从业人员
1-01-00 (GBM 10100),中国共产党机关和基层组织负责人
1-02-01 (GBM 10201),国家权力机关负责人
1-02-02 (GBM 10202),国家行政机关负责人
1-02-03 (GBM 10203),人民政协机关负责人
1-02-04 (GBM 10204),监察机关负责人
1-02-05 (GBM 10205),人民法院和人民检察院负责人
1-03-00 (GBM 10300),民主党派和工商联负责人
1-04-01 (GBM 10401),人民团体和群众团体负责人
1-04-02 (GBM 10402),社会团体负责人
1-04-03 (GBM 10403),社会服务机构负责人
1-04-04 (GBM 10404),社会中介组织负责人
1-04-05 (GBM 10405),基金会负责人
1-04-06 (GBM 10406),宗教组织负责人
1-05-00 (GBM 10500),基层群众性自治组织负责人
1-06-01 (GBM 10601),企业负责人
1-06-02 (GBM 10602),事业单位负责人
2-01-01 (GBM 20101),哲学研究人员
2-01-02 (GBM 20102),经济学研究人员
2-01-03 (GBM 20103),法学研究人员
2-01-04 (GBM 20104),教育学研究人员
2-01-05 (GBM 20105),历史学研究人员
2-01-06 (GBM 20106),自然科学和地球科学研究人员
2-01-07 (GBM 20107),农业科学研究人员
2-01-08 (GBM 20108),医学研究人员
2-01-09 (GBM 20109),管理学研究人员
2-01-10 (GBM20110),文学、艺术学研究人员
2-01-11 (GBM 20111),军事学研究人员
2-01-99 (GBM 20199),其他科学研究人员
2-02-01 (GBM 20201),地质勘探工程技术人员
2-02-02 (GBM 20202),测绘和地理信息工程技术人员
2-02-03 (GBM 20203),矿山工程技术人员
2-02-04 (GBM 20204),石油天然气工程技术人员
2-02-05 (GBM 20205),冶金工程技术人员
2-02-06 (GBM 20206),化工工程技术人员
2-02-07 (GBM 20207),机械工程技术人员
2-02-08 (GBM 20208),航空工程技术人员
2-02-09 (GBM 20209),电子工程技术人员
2-02-10 (GBM 20210),信息和通信工程技术人员
2-02-11 (GBM 20211),电气工程技术人员
2-02-12 (GBM 20212),电力工程技术人员
2-02-13 (GBM 20213),邮政和快递工程技术人员
2-02-14 (GBM 20214),广播电影电视及演艺设备工程技术人员
2-02-15 (GBM 20215),道路和水上运输工程技术人员
2-02-16 (GBM 20216),民用航空工程技术人员
2-02-17 (GBM 20217),铁道工程技术人员
2-02-18 (GBM 20218),建筑工程技术人员
2-02-19 (GBM 20219),建材工程技术人员
2-02-20 (GBM 20220),林草工程技术人员
2-02-21 (GBM 20221),水利工程技术人员
2-02-22 (GBM 20222),海洋工程技术人员
2-02-23 (GBM 20223),纺织服装工程技术人员
2-02-24 (GBM 20224),食品工程技术人员
2-02-25 (GBM 20225),气象工程技术人员
2-02-26 (GBM 20226),地震工程技术人员
2-02-27 (GBM 20227),环境保护工程技术人员
2-02-28 (GBM 20228),安全工程技术人员
2-02-29 (GBM 20229),标准化、计量、质量和认证认可工程技术人员
2-02-30 (GBM 20230),管理(工业)工程技术人员
2-02-31 (GBM 20231),检验检疫工程技术人员
2-02-32 (GBM 20232),制药工程技术人员
2-02-33 (GBM 20233),印刷复制工程技术人员
2-02-34 (GBM 20234),工业(产品)设计工程技术人员
2-02-35 (GBM 20235),康复辅具工程技术人员
2-02-36 (GBM 20236),轻工工程技术人员
2-02-37 (GBM 20237),国土空间规划与生态修复工程技术人员
2-02-38 (GBM 20238),数字技术工程技术人员
2-02-99 (GBM 20299),其他工程技术人员
2-03-01 (GBM 20301),土壤肥料技术人员
2-03-02 (GBM 20302),农业技术指导人员
2-03-03 (GBM 20303),植物保护技术人员
2-03-04 (GBM 20304),园艺技术人员
2-03-05 (GBM 20305),作物遗传育种栽培技术人员
2-03-06 (GBM 20306),兽医兽药技术人员
2-03-07 (GBM 20307),畜牧与草业技术人员
2-03-08 (GBM 20308),水产技术人员
2-03-09 (GBM 20309),农业工程技术人员
2-03-99 (GBM 20399),其他农业技术人员
2-04-01 (GBM 20401),飞行人员和领航人员
2-04-02 (GBM 20402),船舶指挥和引航人员
2-04-99 (GBM 20499),其他飞机和船舶技术人员
2-05-01 (GBM 20501),临床和口腔医师
2-05-02 (GBM 20502),中医医师
2-05-03 (GBM 20503),中西医结合医师
2-05-04 (GBM 20504),少数民族医医师
2-05-05 (GBM 20505),公共卫生与健康医师
2-05-06 (GBM 20506),药学技术人员
2-05-07 (GBM 20507),医疗卫生技术人员
2-05-08 (GBM 20508),护理人员
2-05-09 (GBM 20509),乡村医生
2-05-10 (GBM 20510),盲人医疗按摩人员
2-05-99 (GBM 20599),其他卫生专业技术人员
2-06-01 (GBM 20601),经济专业人员
2-06-02 (GBM 20602),统计专业人员
2-06-03 (GBM 20603),会计专业人员
2-06-04 (GBM 20604),审计专业人员
2-06-05 (GBM 20605),涉税服务专业人员
2-06-06 (GBM 20606),资产和资源评估专业人员
2-06-07 (GBM 20607),商务专业人员
2-06-08 (GBM 20608),人力资源专业人员
2-06-09 (GBM 20609),银行专业人员
2-06-10 (GBM 20610),保险专业人员
2-06-11 (GBM 20611),证券期货基金专业人员
2-06-12 (GBM 20612),知识产权专业人员
2-06-13 (GBM 20613),社会保险专业人员
2-06-14 (GBM 20614),金融科技专业人员
2-06-99 (GBM 20699),其他经济和金融专业人员
2-07-01 (GBM 20701),监察人员
2-07-02 (GBM 20702),法官
2-07-03 (GBM 20703),检察官
2-07-04 (GBM 20704),律师
2-07-05 (GBM 20705),公证员
2-07-06 (GBM 20706),司法鉴定人员
2-07-07 (GBM 20707),审判辅助人员
2-07-08 (GBM 20708),检察辅助人员
2-07-09 (GBM 20709),法律顾问
2-07-10 (GBM 20710),宗教教职人员
2-07-11 (GBM 20711),社会工作专业人员
2-07-99 (GBM 20799),其他监察、法律、社会和宗教专业人员
2-08-01 (GBM 20801),高等学校教师
2-08-02 (GBM 20802),中小学教师
2-08-03 (GBM 20803),幼儿园教师
2-08-04 (GBM 20804),特殊教育教师
2-08-99 (GBM 20899),其他教学人员
2-09-01 (GBM 20901),文艺创作与编导人员
2-09-02 (GBM 20902),音乐指挥与演员
2-09-03 (GBM 20903),电影电视制作专业人员
2-09-04 (GBM 20904),舞台专业人员
2-09-05 (GBM 20905),美术专业人员
2-09-06 (GBM 20906),工艺美术与创意设计专业人员
2-09-07 (GBM 20907),体育专业人员
2-09-99 (GBM 20999),其他文学艺术、体育专业人员
2-10-01 (GBM 21001),记者
2-10-02 (GBM 21002),编辑
2-10-03 (GBM 21003),校对员
2-10-04 (GBM 21004),播音员及节目主持人
2-10-05 (GBM 21005),翻译人员
2-10-06 (GBM 21006),图书资料与微缩摄影专业人员
2-10-07 (GBM 21007),档案专业人员
2-10-08 (GBM 21008),考古及文物保护专业人员
2-10-99 (GBM 21099),其他新闻出版、文化专业人员
2-99-00 (GBM 29900),其他专业技术人员
3-01-01 (GBM 30101),行政业务办理人员
3-01-02 (GBM 30102),行政事务处理人员
3-01-03 (GBM 30103),行政执法及仲裁人员
3-01-04 (GBM 30104),社区和村镇工作人员
3-01-99 (GBM 30199),其他行政办事及辅助人员
3-02-01 (GBM 30201),人民警察
3-02-02 (GBM 30202),保卫和警务辅助人员
3-02-03 (GBM 30203),消防和应急救援人员
3-02-99 (GBM 30299),其他安全和消防及辅助人员
3-03-01 (GBM30301),仲裁、
3-03-99 (GBM 30399),其他仲裁、调解及相关法律事务辅助人员
3-99-00 (GBM 39900),其他办事人员和有关人员
4-01-01 (GBM 40101),购销服务人员
4-01-02 (GBM 40102),销售人员
4-01-03 (GBM 40103),贸易经纪代理人员
4-01-04 (GBM 40104),再生物资回收人员
4-01-05 (GBM 40105),特殊商品购销人员
4-01-06 (GBM 40106),电子商务服务人员
4-01-99 (GBM 40199),其他批发与零售服务人员
4-02-01 (GBM 40201),轨道交通运输服务人员
4-02-02 (GBM 40202),道路运输服务人员
4-02-03 (GBM 40203),水上运输服务人员
4-02-04 (GBM 40204),航空运输服务人员
4-02-05 (GBM 40205),装卸搬运和运输代理服务人员
4-02-06 (GBM 40206),仓储物流服务人员
4-02-07 (GBM 40207),邮政和快递服务人员
4-02-99 (GBM 40299),其他交通运输、仓储物流和邮政业服务人员
4-03-01 (GBM 40301),住宿服务人员
4-03-02 (GBM 40302),餐饮服务人员
4-03-99 (GBM 40399),其他住宿和餐饮服务人员
4-04-01 (GBM 40401),信息通信业务人员
4-04-02 (GBM 40402),信息通信网络维护人员
4-04-03 (GBM 40403),广播电视传输服务人员
4-04-04 (GBM 40404),信息通信网络运行管理人员
4-04-05 (GBM 40405),软件和信息技术服务人员
4-04-99 (GBM 40499),其他信息传输、软件和信息技术服务人员
4-05-01 (GBM 40501),银行服务人员
4-05-02 (GBM 40502),证券期货服务人员
4-05-03 (GBM 40503),保险服务人员
4-05-04 (GBM 40504),典当服务人员
4-05-05 (GBM 40505),信托和资产管理服务人员
4-05-99 (GBM 40599),其他金融服务人员
4-06-01 (GBM 40601),物业管理服务人员
4-06-02 (GBM 40602),房地产开发与交易服务人员
4-06-99 (GBM 40699),其他房地产服务人员
4-07-01 (GBM 40701),租赁和拍卖业务人员
4-07-02 (GBM 40702),商务咨询服务人员
4-07-03 (GBM 40703),人力资源服务人员
4-07-04 (GBM 40704),旅游及公共游览场所服务人员
4-07-05 (GBM 40705),安全保护服务人员
4-07-06 (GBM 40706),市场管理服务人员
4-07-07 (GBM 40707),会议及展览服务人员
4-07-99 (GBM 40799),其他租赁和商务服务人员
4-08-01 (GBM 40801),气象服务人员
4-08-02 (GBM 40802),海洋服务人员
4-08-03 (GBM 40803),测绘服务人员
4-08-04 (GBM 40804),地理信息服务人员
4-08-05(GBM40805),检验、检测和计量服务人员
4-08-06 (GBM 40806),环境监测服务人员
4-08-07 (GBM 40807),地质勘查人员
4-08-08 (GBM 40808),专业化设计服务人员
4-08-09 (GBM 40809),摄影扩印服务人员
4-08-10 (GBM 40810),生产现场技术工艺人员
4-08-99 (GBM 40899),其他技术辅助服务人员
4-09-01 (GBM 40901),水利设施管理养护人员
4-09-02 (GBM 40902),水文服务人员
4-09-03 (GBM 40903),水土保持人员
4-09-04 (GBM 40904),农田灌排人员
4-09-05 (GBM 40905),自然保护区和草地监护人员
4-09-06 (GBM 40906),野生动植物保护人员
4-09-07 (GBM 40907),环境治理服务人员
4-09-08 (GBM 40908),环境卫生服务人员
4-09-09 (GBM 40909),有害生物防制人员
4-09-10 (GBM 40910),绿化与园艺服务人员
4-09-99 (GBM 40999),其他水利、环境和公共设施管理服务人员
4-10-01 (GBM 41001),生活照料服务人员
4-10-02 (GBM 41002),服装裁剪和洗染织补人员
4-10-03 (GBM 41003),美容美发和浴池服务人员
4-10-04 (GBM 41004),保健服务人员
4-10-05 (GBM 41005),婚姻服务人员
4-10-06 (GBM 41006),殡葬服务人员
4-10-07 (GBM 41007),宠物服务人员
4-10-08 (GBM 41008),社区生活服务人员
4-10-99 (GBM 41099),其他居民服务人员
4-11-01 (GBM 41101),电力供应服务人员
4-11-02 (GBM 41102),燃气供应服务人员
4-11-03 (GBM 41103),水供应服务人员
4-11-99 (GBM 41199),其他电力、燃气及水供应服务人员
4-12-01 (GBM 41201),汽车摩托车修理技术服务人员
4-12-02 (GBM 41202),计算机和办公设备维修人员
4-12-03 (GBM 41203),家用电子电器产品维修人员
4-12-04 (GBM 41204),日用产品修理服务人员
4-12-05 (GBM 41205),乐器维修人员
4-12-06 (GBM 41206),印章制作人员
4-12-99 (GBM 41299),其他修理及制作服务人员
4-13-01 (GBM 41301),社会文化活动服务人员
4-13-02 (GBM41302),广播、电视、电影和影视录音制作人员
4-13-03 (GBM 41303),考古及文物保护作业人员
4-13-04 (GBM 41304),教育服务人员
4-13-99 (GBM 41399),其他文化和教育服务人员
4-14-01 (GBM 41401),医疗辅助服务人员
4-14-02 (GBM 41402),健康咨询服务人员
4-14-03 (GBM 41403),康复矫正服务人员
4-14-04 (GBM 41404),公共卫生辅助服务人员
4-14-05 (GBM 41405),体育健身和娱乐场所服务人员
4-14-06 (GBM41406),康养、休闲服务人员
4-14-99 (GBM 41499),其他健康、体育和休闲服务人员
4-99-00 (GBM 49900),其他社会生产服务和生活服务人员
5-01-01 (GBM 50101),作物种子(苗)繁育生产人员
5-01-02 (GBM 50102),农作物生产人员
5-01-99 (GBM 50199),其他农业生产人员
5-02-01 (GBM 50201),林草种苗繁育人员
5-02-02 (GBM 50202),营造林人员
5-02-03 (GBM 50203),森林经营和管护人员
5-02-04 (GBM 50204),木材采运人员
5-02-99 (GBM 50299),其他林业生产人员
5-03-01 (GBM 50301),畜禽种苗繁育人员
5-03-02 (GBM 50302),畜禽饲养人员
5-03-03 (GBM 50303),特种经济动物饲养人员
5-03-99 (GBM 50399),其他畜牧业生产人员
5-04-01 (GBM 50401),水产苗种繁育人员
5-04-02 (GBM 50402),水产养殖人员
5-04-03 (GBM 50403),水产捕捞及有关人员
5-04-99 (GBM 50499),其他渔业生产人员
5-05-01 (GBM 50501),农业生产服务人员
5-05-02 (GBM 50502),动植物疫病防治人员
5-05-03 (GBM 50503),农村能源利用人员
5-05-04 (GBM 50504),农村环境保护人员
5-05-05 (GBM 50505),农机化服务人员
5-05-06 (GBM 50506),农副林特产品初加工人员
5-05-99 (GBM 50599),其他农、林、牧、渔业生产辅助人员
5-99-00 (GBM 59900),其他农、林、牧、渔业生产及辅助人员
6-01-01 (GBM 60101),粮油加工人员
6-01-02 (GBM 60102),饲料加工人员
6-01-03 (GBM 60103),制糖人员
6-01-04 (GBM 60104),畜禽制品加工人员
6-01-05 (GBM 60105),水产品加工人员
6-01-06 (GBM 60106),果蔬和坚果加工人员
6-01-07 (GBM 60107),淀粉和豆制品加工人员
6-01-99 (GBM 60199),其他农副产品加工人员
6-02-01 (GBM 60201),焙烤食品制造人员
6-02-02 (GBM 60202),糖制品加工人员
6-02-03 (GBM 60203),方便食品和罐头食品加工人员
6-02-04 (GBM 60204),乳制品加工人员
6-02-05 (GBM 60205),调味品及食品添加剂制作人员
6-02-06(GBM60206),酒、饮料及精制茶制造人员
6-02-99 (GBM 60299),其他食品、饮料生产加工人员
6-03-01 (GBM 60301),烟叶初加工人员
6-03-02 (GBM 60302),烟用材料生产人员
6-03-03 (GBM 60303),烟草制品生产人员
6-03-99 (GBM 60399),其他烟草及其制品加工人员
6-04-01 (GBM 60401),纤维预处理人员
6-04-02 (GBM 60402),纺纱人员
6-04-03 (GBM 60403),织造人员
6-04-04 (GBM 60404),针织人员
6-04-05 (GBM 60405),非织造布制造人员
6-04-06 (GBM 60406),印染人员
6-04-99 (GBM 60499),其他纺织、针织、印染人员
6-05-01 (GBM 60501),纺织品和服装剪裁缝纫人员
6-05-02 (GBM60502),皮革、毛皮及其制品加工人员
6-05-03 (GBM 60503),羽绒羽毛加工及制品制造人员
6-05-04 (GBM 60504),鞋帽制作人员
6-05-99 (GBM 60599),其他纺织品、服装和皮革、毛皮制品加工制作人员
6-06-01 (GBM 60601),木材加工人员
6-06-02 (GBM 60602),人造板制造人员
6-06-03 (GBM 60603),木制品制造人员
6-06-04 (GBM 60604),家具制造人员
6-06-99 (GBM 60699),其他木材加工、家具与木制品制作人员
6-07-01 (GBM 60701),制浆造纸人员
6-07-02 (GBM 60702),纸制品制作人员
6-07-99 (GBM 60799),其他纸及纸制品生产加工人员
6-08-01 (GBM 60801),印刷人员
6-08-02 (GBM 60802),记录媒介复制人员
6-08-99 (GBM 60899),其他印刷和记录媒介复制人员
6-09-01 (GBM 60901),文教用品制作人员
6-09-02 (GBM 60902),乐器制作人员
6-09-03 (GBM 60903),工艺美术品制造人员
6-09-04 (GBM 60904),体育用品制作人员
6-09-05 (GBM 60905),玩具制作人员
6-09-99 (GBM 60999),其他文教、工美、体育和娱乐用品制造人员
6-10-01 (GBM 61001),石油炼制生产人员
6-10-02 (GBM 61002),炼焦人员
6-10-03 (GBM 61003),煤化工生产人员
6-10-99 (GBM 61099),其他石油加工和炼焦、煤化工生产人员
6-11-01 (GBM 61101),化工产品生产通用工艺人员
6-11-02 (GBM 61102),基础化学原料制造人员
6-11-03 (GBM 61103),化学肥料生产人员
6-11-04 (GBM 61104),农药生产人员
6-11-05 (GBM61105),涂料、油墨、颜料及类似产品制造人员
6-11-06 (GBM 61106),合成树脂生产人员
6-11-07 (GBM 61107),合成橡胶生产人员
6-11-08 (GBM 61108),专用化学产品生产人员
6-11-09 (GBM 61109),火工品制造、保管、爆破及焰火产品制造人员
6-11-10 (GBM 61110),日用化学品生产人员
6-11-99 (GBM 61199),其他化学原料和化学制品制造人员
6-12-01 (GBM 61201),化学药品原料药制造人员
6-12-02 (GBM 61202),中药饮片加工人员
6-12-03 (GBM 61203),药物制剂人员
6-12-04 (GBM 61204),兽用药品制造人员
6-12-05 (GBM 61205),生物药品制造人员
6-12-99 (GBM 61299),其他医药制造人员
6-13-01 (GBM 61301),化学纤维原料制造人员
6-13-02 (GBM 61302),化学纤维纺丝及后处理人员
6-13-99 (GBM 61399),其他化学纤维制造人员
6-14-01 (GBM 61401),橡胶制品生产人员
6-14-02 (GBM 61402),塑料制品加工人员
6-14-99 (GBM 61499),其他橡胶和塑料制品制造人员
6-15-01 (GBM61501),水泥、石灰、石膏及其制品制造人员
6-15-02 (GBM 61502),砖瓦石材等建筑材料制造人员
6-15-03 (GBM 61503),玻璃及玻璃制品生产加工人员
6-15-04 (GBM 61504),玻璃纤维及玻璃纤维增强塑料制品制造人员
6-15-05 (GBM 61505),陶瓷制品制造人员
6-15-06 (GBM 61506),耐火材料制品生产人员
6-15-07 (GBM 61507),石墨及炭素制品生产人员
6-15-08 (GBM 61508),高岭土、珍珠岩等非金属矿物加工人员
6-15-99 (GBM 61599),其他非金属矿物制品制造人员
6-16-01 (GBM 61601),矿物采选人员
6-16-02 (GBM 61602),石油和天然气开采与储运人员
6-16-03 (GBM 61603),采盐人员
6-16-99 (GBM 61699),其他采矿人员
6-17-01 (GBM 61701),炼铁人员
6-17-02 (GBM 61702),炼钢人员
6-17-03 (GBM 61703),铸铁管人员
6-17-04 (GBM 61704),铁合金冶炼人员
6-17-05 (GBM 61705),重有色金属冶炼人员
6-17-06 (GBM 61706),轻有色金属冶炼人员
6-17-07 (GBM 61707),稀贵金属冶炼人员
6-17-08 (GBM 61708),半导体材料制备人员
6-17-09 (GBM 61709),金属轧制人员
6-17-10 (GBM 61710),硬质合金生产人员
6-17-99 (GBM 61799),其他金属冶炼和压延加工人员
6-18-01 (GBM 61801),机械冷加工人员
6-18-02 (GBM 61802),机械热加工人员
6-18-03 (GBM 61803),机械表面处理加工人员
6-18-04 (GBM 61804),工装工具制造加工人员
6-18-99 (GBM 61899),其他机械制造基础加工人员
6-19-01 (GBM 61901),五金制品制作装配人员
6-19-99 (GBM 61999),其他金属制品制造人员
6-20-01 (GBM 62001),通用基础件装配制造人员
6-20-02 (GBM 62002),锅炉及原动设备制造人员
6-20-03 (GBM 62003),金属加工机械制造人员
6-20-04 (GBM 62004),物料搬运设备制造人员
6-20-05(GBM62005),泵、阀门、压缩机及类似机械制造人员
6-20-06(GBM62006),烘炉、衡器、水处理等设备制造人员
6-20-07 (GBM 62007),文化办公机械制造人员
6-20-99 (GBM 62099),其他通用设备制造人员
6-21-01(GBM62101),采矿、建筑专用设备制造人员
6-21-02 (GBM 62102),印刷生产专用设备制造人员
6-21-03 (GBM 62103),纺织服装和皮革加工专用设备制造人员
6-21-04 (GBM 62104),电子专用设备装配调试人员
6-21-05 (GBM 62105),农业机械制造人员
6-21-06 (GBM 62106),医疗器械制品和康复辅具生产人员
6-21-99 (GBM 62199),其他专用设备制造人员
6-22-01 (GBM 62201),汽车零部件、饰件生产加工人员
6-22-02 (GBM 62202),汽车整车制造人员
6-22-99 (GBM 62299),其他汽车制造人员
6-23-01 (GBM 62301),轨道交通运输设备制造人员
6-23-02 (GBM 62302),船舶制造人员
6-23-03 (GBM 62303),航空产品装配、调试人员
6-23-04 (GBM 62304),摩托车、自行车制造人员
6-23-99 (GBM 62399),其他铁路、船舶、航空设备制造人员
6-24-01 (GBM 62401),电机制造人员
6-24-02 (GBM 62402),输配电及控制设备制造人员
6-24-03 (GBM 62403),电线电缆、光纤光缆及电工器材制造人员
6-24-04 (GBM 62404),电池制造人员
6-24-05 (GBM 62405),家用电力器具制造人员
6-24-06 (GBM 62406),非电力家用器具制造人员
6-24-07 (GBM 62407),照明器具制造人员
6-24-08 (GBM 62408),电气信号设备装置制造人员
6-24-99 (GBM 62499),其他电气机械和器材制造人员
6-25-01 (GBM 62501),电子元件制造人员
6-25-02 (GBM 62502),电子器件制造人员
6-25-03 (GBM 62503),计算机制造人员
6-25-04 (GBM 62504),电子设备装配调试人员
6-25-99 (GBM 62599),其他计算机、通信和其他电子设备制造人员
6-26-01 (GBM 62601),仪器仪表装配人员
6-26-99 (GBM 62699),其他仪器仪表制造人员
6-27-01 (GBM 62701),废料和碎屑加工处理人员
6-27-99 (GBM 62799),其他再生资源综合利用人员
6-28-01 (GBM 62801),电力、热力生产和供应人员
6-28-02 (GBM 62802),气体生产、处理和输送人员
6-28-03 (GBM 62803),水生产、输排和水处理人员
6-28-99 (GBM 62899),其他电力、热力、气体、水生产和输配人员
6-29-01 (GBM 62901),房屋建筑施工人员
6-29-02 (GBM 62902),土木工程建筑施工人员
6-29-03 (GBM 62903),建筑安装施工人员
6-29-04 (GBM 62904),建筑装饰人员
6-29-05 (GBM 62905),古建筑修建人员
6-29-99 (GBM 62999),其他建筑施工人员
6-30-01 (GBM 63001),专用车辆操作人员
6-30-02 (GBM 63002),轨道交通运输机械设备操作人员
6-30-03 (GBM 63003),民用航空设备操作及有关人员
6-30-04 (GBM 63004),水上运输设备操作及有关人员
6-30-05 (GBM 63005),通用工程机械操作人员
6-30-99 (GBM 63099),其他运输设备和通用工程机械操作人员及有关人员
6-31-01 (GBM 63101),机械设备修理人员
6-31-02(GBM63102),船舶、航空器修理人员
6-31-03 (GBM 63103),检验试验人员
6-31-04 (GBM 63104),称重计量人员
6-31-05 (GBM 63105),包装人员
6-31-06 (GBM 63106),安全生产管理人员
6-31-07 (GBM 63107),工业机器人操作运维人员
6-31-99 (GBM 63199),其他生产辅助人员
6-99-00 (GBM 69900),其他生产制造及有关人员
7-01-00 (GBM 70100),军官(警官)
7-02-00 (GBM 70200),军士(警士)
7-03-00 (GBM 70300),义务兵
7-04-00 (GBM 70400),文职人员
8-00-00 (GBM 80000),不便分类的其他从业人员
1-01-00-00,中国共产党中央委员会和地方各级党组织负责人
1-02-01-00,国家权力机关及其工作机构负责人
1-02-02-00,人民政协及其工作机构负责人
1-02-03-00,人民法院负责人
1-02-04-00,人民检察院负责人
1-02-05-00,国家行政机关及其工作机构负责人
1-02-99-00,其他国家机关及其工作机构负责人
1-03-01-00,民主党派负责人
1-03-02-01,工会负责人
1-03-02-02,中国共产主义青年团负责人
1-03-02-03,妇女联合会负责人
1-03-02-99,其他人民团体及其工作机构负责人
1-03-03-00,群众自治组织负责人
1-03-99-00,其他社会团体及其工作机构负责人
1-04-01-01,高等学校校长
1-04-01-02,中等职业教育学校校长
1-04-01-03,中小学校校长
1-04-01-99,其他教育教学单位负责人
1-04-02-00,卫生单位负责人
1-04-03-00,科研单位负责人
1-04-99-00,其他事业单位负责人
1-05-01-01,企业董事
1-05-01-02,企业经理
1-05-01-03,企业职能部门经理或主管
1-05-01-99,其他企业负责人
2-01-01-00,哲学研究人员
2-01-02-00,经济学研究人员
2-01-03-00,法学研究人员
2-01-04-00,社会学研究人员
2-01-05-00,教育科学研究人员
2-01-06-00,文学、艺术研究人员
2-01-07-00,图书馆学、情报学研究人员
2-01-08-00,历史学研究人员
2-01-09-00,管理科学研究人员
2-01-10-00,数学研究人员
2-01-11-00,物理学研究人员
2-01-12-00,化学研究人员
2-01-13-00,天文学研究人员
2-01-14-00,地球科学研究人员
2-01-15-00,生物科学研究人员
2-01-16-00,农业科学研究人员
2-01-17-00,医学研究人员
2-01-99-00,体育研究人员
2-02-01-00,地质勘探工程技术人员
2-02-02-01,大地测量工程技术人员
2-02-02-02,工程测量工程技术人员
2-02-02-03,摄影测量与遥感工程技术人员
2-02-02-04,地图制图与印刷工程技术人员
2-02-02-05,海洋测绘工程技术人员
2-02-02-99,其他测绘工程技术人员
2-02-03-01,采矿工程技术人员
2-02-03-02,选矿与矿物加工工程技术人员
2-02-03-99,其他矿山工程技术人员
2-02-04-01,石油开采工程技术人员
2-02-04-02,石油储运工程技术人员
2-02-04-99,其他石油工程技术人员
2-02-05-01,冶炼工程技术人员
2-02-05-02,轧制工程技术人员
2-02-05-03,焦化工程技术人员
2-02-05-04,金属材料工程技术人员
2-02-05-05,耐火材料工程技术人员
2-02-05-06,碳素材料工程技术人员
2-02-05-07,冶金热能工程技术人员
2-02-05-99,其他冶金工程技术人员
2-02-06-01,化工实验工程技术人员
2-02-06-02,化工设计工程技术人员
2-02-06-03,化工生产工程技术人员
2-02-06-99,其他化工工程技术人员
2-02-07-01,机械设计工程技术人员
2-02-07-02,机械制造工程技术人员
2-02-07-03,仪器仪表工程技术人员
2-02-07-04,设备工程技术人员
2-02-07-99,其他机械工程技术人员
2-02-08-01,装甲车辆工程技术人员
2-02-08-02,火炮枪械工程技术人员
2-02-08-03,弹箭工程技术人员
2-02-08-04,火炸药工程技术人员
2-02-08-05,光电火控工程技术人员
2-02-08-99,其他兵器工程技术人员
2-02-09-01,飞机设计工程技术人员
2-02-09-02,飞机制造工程技术人员
2-02-09-03,飞机发动机设计工程技术人员
2-02-09-04,飞机发动机制造工程技术人员
2-02-09-99,其他航空工程技术人员
2-02-10-00,航天工程技术人员
2-02-11-01,电子材料工程技术人员
2-02-11-02,电子元器件工程技术人员
2-02-11-03,雷达系统工程技术人员
2-02-11-04,广播视听设备工程技术人员
2-02-11-05,电子仪器与测量工程技术人员
2-02-11-99,其他电子工程技术人员
2-02-12-00,通信工程技术人员
2-02-13-01,计算机硬件技术人员
2-02-13-02,计算机软件技术人员
2-02-13-03,计算机网络技术人员
2-02-13-04,计算机系统分析技术人员
2-02-13-99,其他计算机与应用工程技术人员
2-02-14-01,电机与电器工程技术人员
2-02-14-02,电力拖动与自动控制工程技术人员
2-02-14-03,电线电缆与电工材料技术人员
2-02-14-99,其他电气工程技术人员
2-02-15-01,发电工程技术人员
2-02-15-02,输变电工程技术人员
2-02-15-03,供用电工程技术人员
2-02-15-99,其他电力工程技术人员
2-02-16-00,邮政工程技术人员
2-02-17-01,广播电视编播工程技术人员
2-02-17-02,广播电视传输覆盖工程技术人员
2-02-17-03,电影工程技术人员
2-02-17-99,其他广播电影电视工程技术人员
2-02-18-01,汽车运用工程技术人员
2-02-18-02,船舶运用工程技术人员
2-02-18-03,水上交通工程技术人员
2-02-18-04,海上救助打捞工程技术人员
2-02-18-05,船舶检验工程技术人员
2-02-18-99,其他交通工程技术人员
2-02-19-01,民用航空维修与适航专业技术人员
2-02-19-02,航行航空工程技术人员
2-02-19-03,通用航空技术人员
2-02-19-04,航空运输工程技术人员
2-02-19-99,其他民用航空工程技术人员
2-02-20-01,铁道运输工程技术人员
2-02-20-02,铁路机务工程技术人员
2-02-20-03,铁路车辆工程技术人员
2-02-20-04,铁路电务工程技术人员
2-02-20-99,其他铁路工程技术人员
2-02-21-01,城镇规划设计工程技术人员
2-02-21-02,建筑设计工程技术人员
2-02-21-03,土木建筑工程技术人员
2-02-21-04,风景园林工程技术人员
2-02-21-05,道路与桥梁工程技术人员
2-02-21-06,港口与航道工程技术人员
2-02-21-07,机场工程技术人员
2-02-21-08,铁路建筑工程技术人员
2-02-21-09,水利水电建筑工程技术人员
2-02-21-99,其他建筑工程技术人员
2-02-22-01,硅酸盐工程技术人员
2-02-22-02,非金属矿及制品工程技术人员
2-02-22-03,无机非金属新材料工程技术人员
2-02-22-99,其他建材工程技术人员
2-02-23-01,林业生态环境工程技术人员
2-02-23-02,森林培育工程技术人员
2-02-23-03,园林绿化工程技术人员
2-02-23-04,野生动物保护与繁殖利用工程技术人员
2-02-23-05,自然保护区工程技术人员
2-02-23-06,森林保护工程技术人员
2-02-23-07,木、竹材加工工程技术人员
2-02-23-08,森林采伐和运输工程技术人员
2-02-23-09,经济林和林特产品加工工程技术人员
2-02-23-10,森林资源管理与监测工程技术人员
2-02-23-99,其他林业工程技术人员
2-02-24-01,水资源工程技术人员
2-02-24-02,治河及泥沙治理工程技术人员
2-02-24-99,其他水利工程技术人员
2-02-25-01,海洋调查与监测工程技术人员
2-02-25-02,海洋环境预报工程技术人员
2-02-25-03,海洋资源开发利用和保护工程技术人员
2-02-25-04,海洋工程勘察设计工程技术人员
2-02-25-99,其他海洋工程技术人员
2-02-26-01,水产养殖工程技术人员
2-02-26-02,渔业资源开发利用工程技术人员
2-02-26-99,其他水产工程技术人员
2-02-27-01,纺纱工程技术人员
2-02-27-02,织造工程技术人员
2-02-27-03,染整工程技术人员
2-02-27-99,其他纺织工程技术人员
2-02-28-00,食品工程技术人员
2-02-29-01,气象观测人员
2-02-29-02,天气预报人员
2-02-29-03,气候监测预测人员
2-02-29-04,应用气象人员
2-02-29-05,气象服务人员
2-02-29-99,其他气象工程技术人员
2-02-30-00,地震工程技术人员
2-02-31-01,环境损害控制工程技术人员
2-02-31-02,环境监测工程技术人员
2-02-31-03,环境污染治理工程技术人员
2-02-31-99,其他环境保护工程技术人员
2-02-32-00,安全工程技术人员
2-02-33-01,标准化工程技术人员
2-02-33-02,计量工程技术人员
2-02-33-03,质量工程技术人员
2-02-33-99,其他标准化、计量、质量工程技术人员
2-02-34-01,普通工业工程技术人员
2-02-34-02,系统规划与管理工程技术人员
2-02-34-03,设施规划与设计工程技术人员
2-02-34-04,生产组织与管理工程技术人员
2-02-34-05,质量管理与可靠性控制工程技术人员
2-02-34-06,营销工程技术人员
2-02-34-07,人力资源开发与管理工程技术人员
2-02-34-99,其他管理（工业）工程技术人员
2-02-99-00,其他工程技术人员
2-03-01-00,土壤肥料技术人员
2-03-02-00,植物保护技术人员
2-03-03-00,园艺技术人员
2-03-04-00,作物遗传育种栽培技术人员
2-03-05-01,兽医
2-03-05-02,兽药技术人员
2-03-05-99,其他兽医兽药技术人员
2-03-06-01,畜牧技术人员
2-03-06-02,草业技术人员
2-03-06-99,其他畜牧与草业技术人员
2-03-99-00,其他农业技术人员
2-04-01-01,飞行驾驶员
2-04-01-02,飞行机械员
2-04-01-03,飞行领航员
2-04-01-04,飞行通信员
2-04-01-99,其他飞行人员和领航人员
2-04-02-01,甲板部技术人员
2-04-02-02,轮机部技术人员
2-04-02-03,船舶引航员
2-04-02-99,其他船舶指挥和引航人员
2-04-99-00,其他飞机和船舶技术人员
2-05-01-01,内科医师
2-05-01-02,外科医师
2-05-01-03,儿科医师
2-05-01-04,妇产科医师
2-05-01-05,眼科医师
2-05-01-06,耳鼻喉科医师
2-05-01-07,口腔科医师
2-05-01-08,皮肤科医师
2-05-01-09,精神科医师
2-05-01-10,心理医师
2-05-01-11,传染病科医师
2-05-01-12,急诊科医师
2-05-01-13,康复科医师
2-05-01-14,麻醉科医师
2-05-01-15,病理科医师
2-05-01-16,放射科医师
2-05-01-17,核医学医师
2-05-01-18,超声诊断科医师
2-05-01-19,放射肿瘤科医师
2-05-01-20,全科医师
2-05-01-21,乡村医师
2-05-01-22,妇幼保健医师
2-05-01-23,输（采供）血医师
2-05-01-99,其他西医医师
2-05-02-01,中医内科医师
2-05-02-02,中医外科医师
2-05-02-03,中医妇科医师
2-05-02-04,中医儿科医师
2-05-02-05,中医眼科医师
2-05-02-06,中医皮肤科医师
2-05-02-07,中医骨伤科医师
2-05-02-08,中医肛肠科医师
2-05-02-09,中医耳鼻喉科医师
2-05-02-10,针灸科医师
2-05-02-11,推拿按摩科医师
2-05-02-99,其他中医医师
2-05-03-00,中西医结合医师
2-05-04-00,民族医师
2-05-05-01,流行病学医师
2-05-05-02,营养与食品卫生医师
2-05-05-03,环境卫生医师
2-05-05-04,职业病医师
2-05-05-05,劳动（职业）卫生医师
2-05-05-06,放射卫生医师
2-05-05-07,少儿和学校卫生医师
2-05-05-99,其他公共卫生医师
2-05-06-01,西药剂师
2-05-06-02,中药剂师
2-05-06-99,其他药剂人员
2-05-07-01,影像技师
2-05-07-02,麻醉技师
2-05-07-03,病理技师
2-05-07-04,临床检验技师
2-05-07-05,公卫检验技师
2-05-07-06,卫生工程技师
2-05-07-07,输（采供）血技师
2-05-07-99,其他医疗技术人员
2-05-08-01,病房护士
2-05-08-02,门诊护士
2-05-08-03,急诊护士
2-05-08-04,手术室护士
2-05-08-05,供应室护士
2-05-08-06,社区护士
2-05-08-07,助产士
2-05-08-99,其他护理人员
2-05-99-00,其他卫生专业技术人员
2-06-01-00,经济计划人员
2-06-02-00,统计人员
2-06-03-00,会计人员
2-06-04-00,审计人员
2-06-05-00,国际商务人员
2-06-99-00,其他经济业务人员
2-07-01-01,银行货币发行员
2-07-01-02,银行国库业务员
2-07-01-03,银行外汇管理员
2-07-01-04,银行清算员
2-07-01-05,银行信贷员
2-07-01-06,银行国外业务员
2-07-01-07,银行信托业务员
2-07-01-08,银行信用卡业务员
2-07-01-09,银行储蓄员
2-07-01-99,其他银行业务人员
2-07-02-01,精算师
2-07-02-02,保险推销员
2-07-02-03,保险理陪员
2-07-02-99,其他保险业务人员
2-07-03-01,证券发行员
2-07-03-02,证券交易员
2-07-03-03,证券投资顾问
2-07-03-99,其他证券业务人员
2-07-99-00,其他金融业务人员
2-08-01-00,法官
2-08-02-00,检察官
2-08-03-00,律师
2-08-04-00,公证员
2-08-05-01,法医
2-08-05-99,其他司法鉴定人员
2-08-06-00,书记员
2-08-99-00,其他法律专业人员
2-09-01-00,高等教育教师
2-09-02-01,中等职业教育理论教师
2-09-02-02,实习指导教师
2-09-02-99,其他中等职业教育教师
2-09-03-00,中学教师
2-09-04-00,小学教师
2-09-05-00,幼儿教师
2-09-06-00,特殊教育教师
2-09-99-00,其他教学人员
2-10-01-01,文学作家
2-10-01-02,曲艺作家
2-10-01-03,剧作家
2-10-01-04,作曲家
2-10-01-05,词作家
2-10-01-06,文艺评论员
2-10-01-07,皮影戏木偶戏作家
2-10-01-99,其他文艺创作和评论人员
2-10-02-01,电影电视导演
2-10-02-02,戏剧导演
2-10-02-03,舞蹈编导
2-10-02-04,音乐指挥
2-10-02-99,其他编导和音乐指挥人员
2-10-03-01,电影电视演员
2-10-03-02,戏剧演员
2-10-03-03,舞蹈演员
2-10-03-04,曲艺演员
2-10-03-05,杂技魔术演员
2-10-03-06,歌唱演员
2-10-03-07,皮影戏演员
2-10-03-08,木偶戏演员
2-10-03-99,其他演员
2-10-04-01,民族乐器演奏员
2-10-04-02,外国乐器演奏员
2-10-04-99,其他乐器演奏员
2-10-05-01,电影电视制片
2-10-05-02,电影电视场记
2-10-05-03,电影电视摄影师
2-10-05-04,照明师
2-10-05-05,录音师
2-10-05-06,剪辑师
2-10-05-07,美工师
2-10-05-08,化妆师
2-10-05-09,置景师
2-10-05-10,道具师
2-10-05-11,电影电视片发行人
2-10-05-12,舞台监督
2-10-05-13,戏剧制作人
2-10-05-99,其他电影电视制作及舞台专业人员
2-10-06-01,画家
2-10-06-02,篆刻家
2-10-06-03,雕塑家
2-10-06-04,书法家
2-10-06-05,陶艺家
2-10-06-99,其他美术专业人员
2-10-07-01,特种工艺设计人员
2-10-07-02,实用工艺设计人员
2-10-07-03,现代工艺设计人员
2-10-07-04,装潢美术设计人员
2-10-07-05,服装设计人员
2-10-07-06,室内装饰设计人员
2-10-07-07,陈列展览设计人员
2-10-07-08,广告设计人员
2-10-07-99,其他工艺美术专业人员
2-10-99-00,其他文学艺术工作人员
2-11-01-01,教练员
2-11-01-02,裁判员
2-11-01-03,运动员
2-11-01-99,其他体育工作人员
2-12-01-01,文字记者
2-12-01-02,摄影记者
2-12-01-99,其他记者
2-12-02-01,文字编辑
2-12-02-02,美术编辑
2-12-02-03,技术编辑
2-12-02-04,电子出版物编辑
2-12-02-99,其他编辑
2-12-03-00,校对员
2-12-04-01,播音员
2-12-04-02,节目主持人
2-12-04-99,其他播音员及节目主持人
2-12-05-00,翻译
2-12-06-01,图书资料业务人员
2-12-06-02,档案业务人员
2-12-06-03,缩微摄影人员
2-12-06-99,其他图书资料与档案业务人员
2-12-07-01,考古工作者
2-12-07-02,文物鉴定和和保管人员
2-12-07-03,文物保护专业人员
2-12-07-99,其他考古及文物护专业人员
2-12-99-00,其他新闻出版、文化工作人员
2-13-00-00,宗教职业者
2-99-00-00,其他专业技术人员
3-01-01-01,行政业务办公人员
3-01-01-02,行政执法人员
3-01-01-99,其他行政业务人员
3-01-02-01,秘书
3-01-02-02,公关员
3-01-02-03,收发员
3-01-02-04,打字员
3-01-02-05,计算机操作员
3-01-02-06,制图员
3-01-02-99,其他行政事务人员
3-01-99-00,其他行政办公人员
3-02-01-00,人民警察
3-02-02-01,保安员
3-02-02-02,违禁品检察员
3-02-02-03,金融守押员
3-02-02-99,其他治安保卫人员
3-02-03-01,灭火员
3-02-03-02,消防抢险救援员
3-02-03-03,防火员
3-02-03-04,建(构)筑物消防员
3-02-03-05,火灾瞭望观察员
3-02-03-99,其他消防人员
3-02-99-00,其他安全保卫和消防人员
3-03-01-01,邮政营业员
3-03-01-02,邮件处理员
3-03-01-03,投递员
3-03-01-04,邮政储汇员
3-03-01-05,报刊发行员
3-03-01-06,集邮业务员
3-03-01-07,邮政业务档案员
3-03-01-08,邮政机务员
3-03-01-99,其他邮政业务人员
3-03-02-01,电信业务营业员
3-03-02-02,话务员
3-03-02-03,报务员
3-03-02-99,其他电信业务人员
3-03-03-01,传输机务员
3-03-03-02,线务员
3-03-03-03,电话电报交换机务员
3-03-03-04,用户通信终端维修员
3-03-03-05,通信电力机务员
3-03-03-06,市话测量员
3-03-03-99,其他电信通信传输业务人员
3-03-99-00,其他邮政和电信业务人员
3-99-00-00,其他办事人员和有关人员
4-01-01-01,营业员
4-01-01-02,收银员
4-01-01-99,其他营业人员
4-01-02-01,推销员
4-01-02-02,出版物发行员
4-01-02-03,服装模特
4-01-02-99,其他推销、展销人员
4-01-03-01,采购员
4-01-03-02,收购员
4-01-03-03,中药购销员
4-01-03-99,其他采购人员
4-01-04-01,鉴定估价师
4-01-04-02,拍卖师
4-01-04-03,典当业务员
4-01-04-04,租赁业务员
4-01-04-99,其他拍卖、典当及租赁业务人员
4-01-05-01,废旧物资回收挑选工
4-01-05-02,废旧物资加工工
4-01-05-03,船体拆解工
4-01-05-99,其他废旧物资回收利用人员
4-01-06-01,粮油管理员
4-01-06-99,其他粮油管理人员
4-01-07-01,商品监督员
4-01-07-02,市场管理员
4-01-07-99,其他商品监督和市场管理人员
4-01-99-01,医药商品购销员
4-01-99-02,中药调剂员
4-01-99-03,摊商
4-02-01-01,保管员
4-02-01-02,理货员
4-02-01-03,商品养护员
4-02-01-04,保鲜员
4-02-01-05,冷藏工
4-02-01-99,其他保管人员
4-02-02-01,商品储运员
4-02-02-02,商品护运员
4-02-02-03,医药商品储运员
4-02-02-04,出版物储运员
4-02-02-99,其他储运人员
4-02-99-00,其他仓储人员
4-03-01-01,中式烹调师
4-03-01-02,中式面点师
4-03-01-99,其他中餐烹饪人员
4-03-02-01,西式烹调师
4-03-02-02,西式面点师
4-03-02-99,其他西餐烹饪人员
4-03-03-01,调酒师
4-03-03-02,茶艺师
4-03-03-99,其他调酒和茶艺人员
4-03-04-01,营养配餐员
4-03-04-99,其他营养配餐人员
4-03-05-01,餐厅服务员
4-03-05-02,餐具清洗保管员
4-03-05-99,其他餐厅服务人员
4-03-99-00,其他餐饮服务人员
4-04-01-01,前厅服务员
4-04-01-02,客房服务员
4-04-01-03,旅店服务员
4-04-01-99,其他饭店服务人员
4-04-02-01,导游
4-04-02-02,公共游览所服务员
4-04-02-03,展览讲解员
4-04-02-04,插花员
4-04-02-05,盆景工
4-04-02-06,假山工
4-04-02-07,园林植物保护工
4-04-02-08,观赏动物饲养工
4-04-02-99,其他旅游及公共游览场所服务人员
4-04-03-01,社会体育指导员
4-04-03-02,体育场地工
4-04-03-03,康乐服务员
4-04-03-04,保健按摩师
4-04-03-99,其他健身和娱乐场所服务人员
4-04-99-00,其他饭店、旅游及健身娱乐场所服务人员
4-05-01-01,汽车客运服务员
4-05-01-02,汽车货运站务员
4-05-01-03,汽车运输调度员
4-05-01-04,公路收费及监控员
4-05-01-99,其他公路道路运输服务人员
4-05-02-01,旅客列车乘务员
4-05-02-02,车站客运服务员
4-05-02-03,行包运输服务员
4-05-02-04,车站货运作业组织员
4-05-02-05,车站货运员
4-05-02-99,其他铁路客货运输服务人员
4-05-03-01,航空运输飞行服务员
4-05-03-02,航空运输地面服务员
4-05-03-99,其他航空运输服务人员
4-05-04-01,船舶业务员
4-05-04-02,港口客运员
4-05-04-99,其他水上运输服务人员
4-05-99-00,其他运输服务人员
4-06-01-01,医疗临床辅助服务员
4-06-01-02,药房辅助员
4-06-01-03,卫生防疫、妇幼保健员
4-06-01-99,其他医疗卫生辅助服务人员
4-07-01-01,中介代理人
4-07-01-02,职业指导员
4-07-01-99,其他社会中介服务人员
4-07-02-01,物业管理员
4-07-02-99,其他物业管理人员
4-07-03-01,供水生产工
4-07-03-02,供水供应工
4-07-03-03,生活燃料供应工
4-07-03-04,锅炉操作工
4-07-03-99,其他供水、供热及生活燃料供应服务人员
4-07-04-01,美容师
4-07-04-02,美发师
4-07-04-99,其他美容美发人员
4-07-05-01,摄影师
4-07-05-02,冲印师
4-07-05-99,其他摄影服务人员
4-07-06-01,眼镜验光员
4-07-06-02,眼镜定配工
4-07-06-99,其他验光配镜人员
4-07-07-01,洗衣师
4-07-07-02,染色师
4-07-07-99,其他洗染织补人员
4-07-08-01,浴池服务员
4-07-08-02,修脚师
4-07-08-99,其他浴池服务人员
4-07-09-01,刻制印章工
4-07-09-99,其他印章刻字人员
4-07-10-01,家用电子产品维修工
4-07-10-02,家用电器产品维修工
4-07-10-03,照相器材维修工
4-07-10-04,钟表维修工
4-07-10-05,乐器维修工
4-07-10-06,自行车维修工
4-07-10-99,其他日用机电产品维修人员
4-07-11-01,办公设备维修工
4-07-11-99,其他办公设备维修人员
4-07-12-01,保育员
4-07-12-02,家庭服务员
4-07-12-99,其他保育、家庭服务人员
4-07-13-01,垃圾清运工
4-07-13-02,保洁员
4-07-13-99,其他环境卫生人员
4-07-14-01,殡仪服务员
4-07-14-02,尸体接运工
4-07-14-03,尸体防腐工
4-07-14-04,尸体整容工
4-07-14-05,尸体火化工
4-07-14-06,墓地管理员
4-07-14-99,其他殡葬服务人员
4-07-99-00,其他社会服务和居民生活服务人员
4-99-00-00,其他商业、服务业人员
5-01-01-01,农艺工
5-01-01-02,啤酒花生产工
5-01-01-03,作物种子繁育工
5-01-01-04,农作物植保工
5-01-01-99,其他大田作物生产人员
5-01-02-01,农业实验工
5-01-02-02,农情测报员
5-01-02-99,其他农业实验人员
5-01-03-01,蔬菜园艺工
5-01-03-02,花卉园艺工
5-01-03-03,果、茶、桑园艺工
5-01-03-04,菌类园艺工
5-01-03-99,其他园艺作物生产人员
5-01-04-01,天然橡胶生产工
5-01-04-02,剑麻生产工
5-01-04-99,其他热带作物生产人员
5-01-05-01,中药材种植员
5-01-05-02,中药材养殖员
5-01-05-03,中药材生产管理员
5-01-05-99,其他中药材生产人员
5-01-06-01,棉花加工工
5-01-06-02,果类产品加工工
5-01-06-03,茶叶加工工
5-01-06-04,蔬菜加工工
5-01-06-05,竹、藤、麻、棕、草制品加工工
5-01-06-06,特种植物原料加工工
5-01-06-99,其他农副林特产品加工人员
5-01-99-00,其他种植业生产人员
5-02-01-01,林木种苗工
5-02-01-02,造林更新工
5-02-01-03,抚育采伐工
5-02-01-04,营林试验工
5-02-01-99,其他营造林人员
5-02-02-01,护林员
5-02-02-02,森林病虫害防治员
5-02-02-99,其他森林资源管护人员
5-02-03-01,野生动物保护员
5-02-03-02,野生植物保护员
5-02-03-03,自然保护区巡护监测员
5-02-03-04,标本员
5-02-03-99,其他野生动植物保护及自然保护区人员
5-02-04-01,木材采伐工
5-02-04-02,集材作业工
5-02-04-03,木材水运工
5-02-04-04,装卸归楞工
5-02-04-99,其他木材采运人员
5-02-99-00,其他林业生产及野生动植物保护人员
5-03-01-01,家畜饲养工
5-03-01-02,家畜繁殖工
5-03-01-99,其他家畜饲养人员
5-03-02-01,家禽饲养工
5-03-02-02,家禽繁殖工
5-03-02-99,其他家禽饲养人员
5-03-03-01,蜜蜂饲养工
5-03-03-02,蜂产品加工工
5-03-03-99,其他蜜蜂饲养人员
5-03-04-01,实验动物饲养工
5-03-04-99,其他实验动物饲养人员
5-03-05-01,动物疫病防治员
5-03-05-02,兽医化验员
5-03-05-03,动物检疫检验员
5-03-05-04,中兽医员
5-03-05-99,其他动物疫病防治人员
5-03-06-01,草地监护员
5-03-06-02,牧草工
5-03-06-03,草坪建植工
5-03-06-99,其他草业生产人员
5-03-99-00,其他畜牧业生产人员
5-04-01-01,水生动物苗种繁育工
5-04-01-02,水生植物苗种培育工
5-04-01-03,水生动物饲养工
5-04-01-04,水生植物栽培工
5-04-01-05,珍珠养殖工
5-04-01-06,生物饵料培养工
5-04-01-07,水产养殖潜水工
5-04-01-99,其他水产养殖人员
5-04-02-01,水产捕捞工
5-04-02-02,渔业生产船员
5-04-02-03,水生动植物采集工
5-04-02-04,渔网具装配工
5-04-02-99,其他水产捕捞及有关人员
5-04-03-01,水产品原料处理工
5-04-03-02,水产品腌熏烤制工
5-04-03-03,鱼糜及鱼糜制品加工工
5-04-03-04,鱼粉加工工
5-04-03-05,鱼肝油及制品加工工
5-04-03-06,海藻制碘工
5-04-03-07,海藻制醇工
5-04-03-08,海藻制胶工
5-04-03-09,海藻食品加工工
5-04-03-10,贝类净化工
5-04-03-99,其他水产品加工人员
5-04-99-00,其他渔业生产人员
5-05-01-01,河道修防工
5-05-01-02,混凝土维修工
5-05-01-03,土石维修工
5-05-01-04,水工检测工
5-05-01-05,建（构）筑物防治工
5-05-01-99,其他河道、水库管养人员
5-05-02-01,灌排工程工
5-05-02-02,渠道维护工
5-05-02-03,灌区供水工
5-05-02-04,灌溉试验工
5-05-02-99,其他农田灌排工程建设管理维护人员
5-05-03-01,水土保持防治工
5-05-03-02,水土保持测试工
5-05-03-03,水土保持勘测工
5-05-03-99,其他水土保持作业人员
5-05-04-01,水文勘测工
5-05-04-02,水文勘测船工
5-05-04-99,其他水文勘测作业人员
5-05-99-00,其他水利设施管理养护人员
5-99-01-01,拖拉机驾驶员
5-99-01-02,联合收割机驾驶员
5-99-01-03,农用运输车驾驶员
5-99-01-99,其他农林专用机械操作人员
5-99-02-01,沼气生产工
5-99-02-02,农村节能员
5-99-02-03,农用太阳能设施工
5-99-02-04,生物质能设备工
5-99-02-99,其他农村能源开发利用人员
6-01-01-01,钻探工
6-01-01-02,坑探工
6-01-01-03,物探工
6-01-01-04,采样工
6-01-01-05,水文地质工
6-01-01-06,海洋地质取样工
6-01-01-07,海洋土质试验工
6-01-01-08,碎样工
6-01-01-09,磨片工
6-01-01-10,淘洗工
6-01-01-11,劈岩与保管工
6-01-01-99,其他地质勘查人员
6-01-02-01,大地测量工
6-01-02-02,摄影测量工
6-01-02-03,地图制图工
6-01-02-04,工程测量工
6-01-02-05,地籍测绘工
6-01-02-99,其他测绘人员
6-01-03-01,露天采矿挖掘机司机
6-01-03-02,钻孔机司机
6-01-03-03,井筒冻结工
6-01-03-04,矿井开掘工
6-01-03-05,井下采矿工
6-01-03-06,支护工
6-01-03-07,矿山提升机操作工
6-01-03-08,矿井机车运输工
6-01-03-09,矿井通风工
6-01-03-10,矿山安全监测工
6-01-03-11,矿山检查验收工
6-01-03-12,矿灯、自救器管理工
6-01-03-13,火工品管理工
6-01-03-14,矿山救护工
6-01-03-15,矿物开采辅助工
6-01-03-99,其他矿物开采人员
6-01-04-01,筛选破碎工
6-01-04-02,重力选矿工
6-01-04-03,浮选工
6-01-04-04,磁选工
6-01-04-05,选矿脱水工
6-01-04-06,尾矿处理工
6-01-04-07,磨矿工
6-01-04-08,水煤浆制备工
6-01-04-09,动力配煤工
6-01-04-10,工业型煤工
6-01-04-99,其他矿物处理人员
6-01-05-01,井架安装工
6-01-05-02,钻井工
6-01-05-03,固井工
6-01-05-04,平台水手
6-01-05-05,水下设备操作工
6-01-05-99,其他钻井人员
6-01-06-01,油、气井测试工
6-01-06-02,采油工
6-01-06-03,采气工
6-01-06-04,井下作业工
6-01-06-05,天然气净化工
6-01-06-06,油气输送工
6-01-06-07,油气管道保护工
6-01-06-99,其他石油、天然气开采人员
6-01-07-01,海盐晒制工
6-01-07-02,海盐采收工
6-01-07-03,湖盐采掘工
6-01-07-04,湖盐脱水工
6-01-07-05,驳筑、集拆坨盐工
6-01-07-06,井矿盐采卤工
6-01-07-07,井矿盐卤水净化工
6-01-07-08,真空制盐工
6-01-07-09,冷冻提硝工
6-01-07-10,苦卤综合利用工
6-01-07-11,精制盐工
6-01-07-99,其他盐业生产人员
6-01-99-01,其他勘测及矿物开采人员
6-02-01-01,烧结球团原料工
6-02-01-02,烧结工
6-02-01-03,球团焙烧工
6-02-01-04,烧结成品工
6-02-01-05,高炉原料工
6-02-01-06,高炉炉前工
6-02-01-07,高炉运转工
6-02-01-99,其他炼铁人员
6-02-02-01,炼钢原料工
6-02-02-02,平炉炼钢工
6-02-02-03,转炉炼钢工
6-02-02-04,电炉炼钢工
6-02-02-05,炼钢浇铸工
6-02-02-06,炼钢准备工
6-02-02-07,整脱模工
6-02-02-99,其他炼钢人员
6-02-03-01,铁合金原料工
6-02-03-02,铁合金电炉冶炼工
6-02-03-03,铁合金焙烧工
6-02-03-04,铁合金湿法冶炼工
6-02-03-05,铁合金炉外法冶炼工
6-02-03-99,其他铁合金冶炼人员
6-02-04-01,重冶备料工
6-02-04-02,焙烧工
6-02-04-03,火法冶炼工
6-02-04-04,湿法冶炼工
6-02-04-05,电解精炼工
6-02-04-06,烟气制酸工
6-02-04-99,其他重有色金属冶炼人员
6-02-05-01,氧化铝制取工
6-02-05-02,铝电解工
6-02-05-03,镁冶炼工
6-02-05-04,硅冶炼工
6-02-05-99,其他轻有色金属冶炼人员
6-02-06-01,钨钼冶炼工
6-02-06-02,钽铌冶炼工
6-02-06-03,钛冶炼工
6-02-06-04,稀土冶炼工
6-02-06-05,贵金属治炼工
6-02-06-06,锂冶炼工
6-02-06-99,其他稀贵金属冶炼人员
6-02-07-01,半导体原料制备工
6-02-07-02,多晶制取工
6-02-07-99,其他半导体材料制备人员
6-02-08-01,轧制原料工
6-02-08-02,金属轧制工
6-02-08-03,酸洗工
6-02-08-04,金属材涂层工
6-02-08-05,金属材热处理工
6-02-08-06,焊管工
6-02-08-07,精整工
6-02-08-08,金属材丝拉拔工
6-02-08-09,金属挤压工
6-02-08-10,铸轧工
6-02-08-11,钢丝绳制造工
6-02-08-99,其他金属轧制人员
6-02-09-01,铸管备品工
6-02-09-02,铸管工
6-02-09-03,铸管精整工
6-02-09-99,其他铸铁管人员
6-02-10-01,碳素煅烧工
6-02-10-02,碳素成型工
6-02-10-03,碳素焙烧工
6-02-10-04,碳素浸渍工
6-02-10-05,碳素石墨化工
6-02-10-06,碳素石墨加工工
6-02-10-07,碳素纤维工
6-02-10-99,其他碳素制品生产人员
6-02-11-01,硬质合金混合料制备工
6-02-11-02,硬质合金成型工
6-02-11-03,硬质合金烧结工
6-02-11-04,硬质合金精加工工
6-02-11-99,其他硬质合金生产人员
6-02-99-01,冶炼风机工
6-03-01-01,化工原料准备工
6-03-01-02,压缩机工
6-03-01-03,气体净化工
6-03-01-04,过滤工
6-03-01-05,油加热工
6-03-01-06,制冷工
6-03-01-07,蒸发工
6-03-01-08,蒸馏工
6-03-01-09,萃取工
6-03-01-10,吸收工
6-03-01-11,吸附工
6-03-01-12,干燥工
6-03-01-13,结晶工
6-03-01-14,造粒工
6-03-01-15,防腐蚀工
6-03-01-16,化工工艺试验工
6-03-01-17,化工总控工
6-03-01-99,其他化工产品生产通用工艺人员
6-03-02-01,燃料油生产工
6-03-02-02,润滑油、脂生产工
6-03-02-03,石油产品精制工
6-03-02-04,油制气工
6-03-02-99,其他石油炼制生产人员
6-03-03-01,备煤筛焦工
6-03-03-02,焦炉调温工
6-03-03-03,焦炉机车司机
6-03-03-04,煤制气工
6-03-03-05,燃气储运工
6-03-03-99,其他煤化工生产人员
6-03-04-01,合成氨生产工
6-03-04-02,尿素生产工
6-03-04-03,硝酸铵生产工
6-03-04-04,碳酸氢铵生产工
6-03-04-05,硫酸铵生产工
6-03-04-06,过磷酸钙生产工
6-03-04-07,复合磷肥生产工
6-03-04-08,钙镁磷肥生产工
6-03-04-09,氯化钾生产工
6-03-04-10,微量元素混肥生产工
6-03-04-99,其他化学肥料生产人员
6-03-05-01,硫酸生产工
6-03-05-02,硝酸生产工
6-03-05-03,盐酸生产工
6-03-05-04,磷酸生产工
6-03-05-05,纯碱生产工
6-03-05-06,烧碱生产工
6-03-05-07,氟化盐生产工
6-03-05-08,缩聚磷酸盐生产工
6-03-05-09,无机化学反应工
6-03-05-10,高频等离子工
6-03-05-11,气体深冷分离工
6-03-05-12,工业气体液化工
6-03-05-13,炭黑制造工
6-03-05-14,二硫化碳制造工
6-03-05-99,其他无机化工产品生产人员
6-03-06-01,脂肪烃生产工
6-03-06-02,环烃生产工
6-03-06-03,烃类衍生物生产工
6-03-06-99,其他基本有机化工产品生产人员
6-03-07-01,聚乙烯生产工
6-03-07-02,聚丙烯生产工
6-03-07-03,聚苯乙烯生产工
6-03-07-04,聚丁二烯生产工
6-03-07-05,聚氯乙烯生产工
6-03-07-06,酚醛树脂生产工
6-03-07-07,环氧树脂生产工
6-03-07-08,丙烯腈-丁二烯-苯乙烯共聚物（ABS）生产工
6-03-07-99,其他合成树脂生产人员
6-03-08-01,顺丁橡胶生产工
6-03-08-02,乙丙橡胶生产工
6-03-08-03,异戊橡胶生产工
6-03-08-04,丁腈橡胶生产工
6-03-08-05,丁苯橡胶生产工
6-03-08-06,氯丁橡胶生产工
6-03-08-99,其他合成橡胶生产人员
6-03-09-01,化纤聚合工
6-03-09-02,湿纺原液制造工
6-03-09-03,纺丝工
6-03-09-04,化纤后处理工
6-03-09-05,纺丝凝固浴液配制工
6-03-09-06,无纺布制造工
6-03-09-07,化纤纺丝精密组件工
6-03-09-99,其他化学纤维生产人员
6-03-10-01,合成革制造工
6-03-10-99,其他合成革生产人员
6-03-11-01,有机合成工
6-03-11-02,农药生物测试试验工
6-03-11-03,染料标准工
6-03-11-04,染料应用试验工
6-03-11-05,染料拼混工
6-03-11-06,研磨分散工
6-03-11-07,催化剂制造工
6-03-11-08,催化剂试验工
6-03-11-09,涂料合成树脂工
6-03-11-10,制漆配色调制工
6-03-11-11,溶剂制造工
6-03-11-12,化学试剂制造工
6-03-11-13,化工添加剂制造工
6-03-11-99,其他精细化工产品生产人员
6-03-12-01,片基制造工
6-03-12-02,感光材料制造工
6-03-12-03,感光材料试验工
6-03-12-04,暗盒制造工
6-03-12-05,废片、白银回收工
6-03-12-06,磁粉制造工
6-03-12-07,磁记录材料制造工
6-03-12-08,磁记录材料试验工
6-03-12-09,感光鼓涂敷工
6-03-12-99,其他信息记录材料生产人员
6-03-13-01,单基火药制造工
6-03-13-02,双基火药制造工
6-03-13-03,多基火药制造工
6-03-13-04,黑火药制造工
6-03-13-05,混合火药制造工
6-03-13-99,其他火药制造人员
6-03-14-01,单质炸药制造工
6-03-14-02,混合炸药制造工
6-03-14-03,起爆药制造工
6-03-14-99,其他炸药制造人员
6-03-15-01,松香工
6-03-15-02,松节油制品工
6-03-15-03,活性炭生产工
6-03-15-04,栲胶生产工
6-03-15-05,紫胶生产工
6-03-15-06,栓皮制品工
6-03-15-07,木材水解工
6-03-15-99,其他林产化工产品生产人员
6-03-16-01,树脂基复合材料工
6-03-16-02,橡胶基复合材料工
6-03-16-03,碳基复合材料工
6-03-16-04,陶瓷基复合材料工
6-03-16-05,复合固体推进剂成型工
6-03-16-06,复合固体发动机装药工
6-03-16-07,飞机复合材料制品工
6-03-16-99,其他复合材料加工人员
6-03-17-01,制皂工
6-03-17-02,甘油工
6-03-17-03,脂肪酸工
6-03-17-04,洗衣粉成型工
6-03-17-05,合成洗涤剂制造工
6-03-17-06,香料制造工
6-03-17-07,香精配制工
6-03-17-08,化妆品配制工
6-03-17-09,牙膏制造工
6-03-17-10,油墨制造工
6-03-17-11,制胶工
6-03-17-12,火柴制造工
6-03-17-99,其他日用化学品生产人员
6-03-99-01,电子绝缘与介质材料制造工
6-04-01-01,车工
6-04-01-02,铣工
6-04-01-03,刨插工
6-04-01-04,磨工
6-04-01-05,镗工
6-04-01-06,钻床工
6-04-01-07,组合机床操作工
6-04-01-08,加工中心操作工
6-04-01-09,制齿工
6-04-01-10,螺丝纹挤形工
6-04-01-11,抛磨光工
6-04-01-12,拉床工
6-04-01-13,锯床工
6-04-01-14,刃具扭制工
6-04-01-15,弹性元件制造工
6-04-01-99,其他机械冷加工人员
6-04-02-01,铸造工
6-04-02-02,锻造工
6-04-02-03,冲压工
6-04-02-04,剪切工
6-04-02-05,焊工
6-04-02-06,金属热处理工
6-04-02-07,粉末冶金制造工
6-04-02-99,其他机械热加工人员
6-04-03-01,电切削工
6-04-03-99,其他特种加设备操作人员
6-04-04-01,冷作钣金工
6-04-04-99,其他冷作钣金加工人员
6-04-05-01,镀层工
6-04-05-02,涂装工
6-04-05-99,其他工件表面处理加工人员
6-04-06-01,磨料制造工
6-04-06-02,磨具制造工
6-04-06-99,其他磨料磨具制造加工人员
6-04-07-01,金属软管、波纹管工
6-04-07-02,卫星光学冷加工工
6-04-07-03,航天器件高温处理工
6-04-07-99,其他航天器件加工成型人员
6-04-99-01,电焊条制造工
6-04-99-02,仪器仪表元件制造工
6-04-99-03,真空干燥处理工
6-04-99-04,人造宝石制造工
6-05-01-01,基础件装配工
6-05-01-02,部件装配工
6-05-01-99,其他基础件、部件装配人员
6-05-02-01,装配钳工
6-05-02-02,工具钳工
6-05-02-99,其他机械设备装配人员
6-05-03-01,汽轮机装配工
6-05-03-02,内燃机装配工
6-05-03-03,锅炉设备装配工
6-05-03-04,电机装配工
6-05-03-99,其他动力设备装配人员
6-05-04-01,铁心叠装工
6-05-04-02,绝缘制品件装配工
6-05-04-03,线圈绕制工
6-05-04-04,绝缘处理浸渍工
6-05-04-05,变压器、互感器装配工
6-05-04-06,高低压电器装配工
6-05-04-07,电焊机装配工
6-05-04-08,电炉装配工
6-05-04-09,电线电缆制造工
6-05-04-99,其他电气元件及设备装配人员
6-05-05-01,电子专用设备装调工
6-05-05-02,真空测试工
6-05-05-99,其他电子专用设备装配调试人员
6-05-06-01,仪器仪表元器件装调工
6-05-06-02,力学仪器仪表装配工
6-05-06-03,电子仪器仪表装配工
6-05-06-04,光电仪器仪表元装调工
6-05-06-05,分析仪器仪表装配工
6-05-06-06,计时仪器仪表装配工
6-05-06-07,工业自动化仪器仪表与装置装配工
6-05-06-08,电工仪器仪表装配工
6-05-06-99,其他仪器仪表装配人员
6-05-07-01,汽车（拖拉机）装配工
6-05-07-02,铁路机车机械制修工
6-05-07-03,铁路车辆机械制修工
6-05-07-04,铁路机车电气装修工
6-05-07-05,铁路车辆电气装修工
6-05-07-06,铁路机车车辆制动修造工
6-05-07-07,电机车装配工
6-05-07-08,摩托车装配工
6-05-07-09,助动车、自行车装配工
6-05-07-99,其他运输车辆装配人员
6-05-08-01,功能膜工
6-05-08-02,电渗析器工
6-05-08-99,其他膜法水处理设备制造人员
6-05-09-01,医疗器械装配工
6-05-09-02,假肢制作装配工
6-05-09-03,矫形器制作装配工
6-05-09-99,其他医疗器械装配及假肢与工与矫形器制作人员
6-05-10-01,空调机装配工
6-05-10-02,电冰箱、电冰柜制造装配工
6-05-10-03,洗衣机制造装配工
6-05-10-04,小型家用电器装配工
6-05-10-05,缝纫机制造装配工
6-05-10-06,办公小机械制造装配工
6-05-10-99,其他日用机械电器制造装配人员
6-05-11-01,工具五金制作工
6-05-11-02,建筑五金制品制作工
6-05-11-03,制锁工
6-05-11-04,铝制品制作工
6-05-11-05,日用五金制品制作工
6-05-11-99,其他五金制品制作装配人员
6-05-12-01,装甲车辆装配工
6-05-12-02,装甲车辆装配检验工
6-05-12-03,装甲车辆驾驶试验工
6-05-12-04,装甲车辆发动机装试工
6-05-12-99,其他装甲车辆装试人员
6-05-13-01,火炮装试工
6-05-13-02,火炮装试检验工
6-05-13-03,火炮随动系统装试工
6-05-13-04,火炮随动系统装试检验工
6-05-13-05,火炮膛线制作工
6-05-13-06,枪支装配工
6-05-13-07,枪管校直工
6-05-13-08,枪管膛线制作工
6-05-13-99,其他枪炮制造人员
6-05-14-01,炮弹装配工
6-05-14-02,枪弹装配工
6-05-14-03,火工装药工
6-05-14-99,其他弹制造人员
6-05-15-01,引信装试工
6-05-15-99,其他引信加工制造人员
6-05-16-01,雷管制造工
6-05-16-02,索状爆破器材制造工
6-05-16-03,火工品装配工
6-05-16-04,爆破器材试验工
6-05-16-99,其他火工品制造人员
6-05-17-01,滤毒材料制造工
6-05-17-02,防毒器材装配工
6-05-17-03,防毒器材试验工
6-05-17-99,其他防化器材制造人员
6-05-18-01,船体制造工
6-05-18-02,船舶轮机装配工
6-05-18-03,船舶电气装配工
6-05-18-04,船舶附件制造工
6-05-18-05,船舶木塑帆缆工
6-05-18-06,船舶制造试验工
6-05-18-99,其他船舶制造人员
6-05-19-01,飞机装配工
6-05-19-02,飞机系统安装调试工
6-05-19-03,机载导弹装配工
6-05-19-04,航空发动机装配工
6-05-19-05,飞机螺旋桨装配工
6-05-19-06,飞机军械安装调试工
6-05-19-07,航空电气安装调试工
6-05-19-08,飞机发动机附件装配工
6-05-19-09,航空仪表装配工
6-05-19-10,飞机仪表安装试验工
6-05-19-11,航空装配平衡工
6-05-19-12,飞机无线电设备安装调试工
6-05-19-13,飞机雷达安装调试工
6-05-19-14,飞机特种设备检测与修理工
6-05-19-15,飞机透明件制造胶接装配工
6-05-19-16,飞机外场调试与维护工
6-05-19-99,其他航空产品装配与调试人员
6-05-20-01,飞机试验工
6-05-20-02,机载导弹例行试验工
6-05-20-03,航空发动机试车工
6-05-20-04,飞机螺旋桨试验工
6-05-20-05,飞机、发动机附件试验工
6-05-20-06,航空环控救生装备试验工
6-05-20-07,航空仪表试验工
6-05-20-08,航空电机电器试验设备调试工
6-05-20-99,其他航空产品试验人员
6-05-21-01,惯性器件装配工
6-05-21-02,伺服机构装配调试工
6-05-21-03,导弹部段装配工
6-05-21-04,航天器引信装配工
6-05-21-05,弹头装配工
6-05-21-06,导弹总体装配工
6-05-21-07,卫星总体装配工
6-05-21-99,其他导弹卫星装配测试人员
6-05-22-01,液体火箭发动机装配试验工
6-05-22-02,固体火箭发动机装配工
6-05-22-03,固体火箭发动机试验工
6-05-22-04,固体火箭发动机检测工
6-05-22-99,其他火箭发动机装配试验人员
6-05-23-01,航天器环境试验工
6-05-23-02,航天器结构强度环境试验工
6-05-23-03,航天器结构高低温环境试验工
6-05-23-04,火箭发动机介质试验工
6-05-23-05,航天器系统试验工
6-05-23-06,空间环境模拟光学装测工
6-05-23-07,空间环境模拟温度试验工
6-05-23-08,空间环境模拟真空试验工
6-05-23-99,其他航天器结构强度温度湿度环境试验人员
6-05-24-01,靶场试射工
6-05-24-02,靶场测试验工
6-05-24-99,其他靶场试验人员
6-05-99-00,其他机电产品装配人员
6-06-01-01,机修钳工
6-06-01-02,汽车修理工
6-06-01-03,船舶修理工
6-06-01-99,其他机械设备维修人员
6-06-02-01,工业自动化仪器仪表与装置修理工
6-06-02-02,电工仪器仪表修理工
6-06-02-03,精密仪器仪表修理工
6-06-02-99,其他仪器仪表修理人员
6-06-03-01,民用航空器维护人员
6-06-03-02,民用航空器修理人员
6-06-03-99,其他民用航天空器维修人员
6-07-01-01,水轮机设备安装工
6-07-01-02,锅炉设备安装工
6-07-01-03,汽轮机设备安装工
6-07-01-04,发电机设备安装工
6-07-01-05,热工仪表及控制装置安装试验工
6-07-01-06,发电厂电气设备安装工
6-07-01-07,电力电缆安装工
6-07-01-08,高压线路架设工
6-07-01-99,其他电力设备安装人员
6-07-02-01,水轮发电机值班员
6-07-02-02,燃料值班员
6-07-02-03,锅炉运行值班员
6-07-02-04,锅炉辅机值班员
6-07-02-05,汽轮机运行值班员
6-07-02-06,热力网值班员
6-07-02-07,电气值班员
6-07-02-08,集控值班员
6-07-02-09,发电机氢冷值班员
6-07-02-10,电厂水处理值班员
6-07-02-99,其他发电运行值班人员
6-07-03-01,送电、配电线路工
6-07-03-02,变电站值班员
6-07-03-03,调相机值班员
6-07-03-04,换流站值班员
6-07-03-99,其他输电、配电、变电设备值班人员
6-07-04-01,锅炉本体设备检修工
6-07-04-02,锅炉附属设备检修工
6-07-04-03,汽轮机本体设备检修工
6-07-04-04,汽轮机附属设备检修工
6-07-04-05,发电厂电动机检修工
6-07-04-06,水轮机检修工
6-07-04-07,水电站水力机械试验工
6-07-04-08,水电自动装置检修工
6-07-04-09,高压线路带电检修工
6-07-04-10,变压器检修工
6-07-04-11,变电设备检修工
6-07-04-12,电气试验员
6-07-04-13,继电保护员
6-07-04-99,其他电力设备检修人员
6-07-05-01,电力负荷控制员
6-07-05-02,用电监察员
6-07-05-03,抄表核算收费员
6-07-05-04,装表接电工
6-07-05-05,电能计量装置检修工
6-07-05-99,其他供用电人员
6-07-06-01,变电设备安装工
6-07-06-02,变配电室值班电工
6-07-06-03,常用电机检修工
6-07-06-04,牵引电力线路安装维护工
6-07-06-05,维修电工
6-07-06-99,其他生活生产电力设备安装.操作、修理人员
6-07-99-00,其他电力设备安装.运行、检修及供电人员
6-08-01-01,真空电子器件化学零件制造工
6-08-01-02,电极丝制造工
6-08-01-03,真空电子器件金属零件制造工
6-08-01-04,电子真空镀膜工
6-08-01-05,真空电子器件装配工
6-08-01-06,真空电子器件装调工
6-08-01-07,液晶显示器件制造工
6-08-01-08,单晶片加工工
6-08-01-09,半导体芯片制造工
6-08-01-10,半导体分立器件、集成电路装调工
6-08-01-11,电子用水制备工
6-08-01-99,其他电子器件制造人员
6-08-02-01,电阻器制造工
6-08-02-02,电容器制造工
6-08-02-03,微波铁氧体元器件制造工
6-08-02-04,石英晶体生长设备操作工
6-08-02-05,压电石英晶片加工工
6-08-02-06,石英晶体元器件制造工
6-08-02-07,电声器件制造工
6-08-02-08,水声换能器制造工
6-08-02-09,专用继电器制造工
6-08-02-10,高频电感器件制造工
6-08-02-11,接插件制造工
6-08-02-12,磁头制造工
6-08-02-13,电子产品制版工
6-08-02-14,印制电路制作工
6-08-02-15,薄膜加热器制造工
6-08-02-99,其他电子元件制造人员
6-08-03-01,铅酸蓄电池制造工
6-08-03-02,碱性蓄电池制造工
6-08-03-03,原电池制造工
6-08-03-04,热电池制造工
6-08-03-05,太阳电池制造工
6-08-03-99,其他电池制造人员
6-08-04-01,无线电设备机械装校工
6-08-04-02,电子设备装接工
6-08-04-03,无线电调试工
6-08-04-04,雷达装配工
6-08-04-05,雷达调试工
6-08-04-06,电子精密机械装调工
6-08-04-07,电子计算机（微机）调试工
6-08-04-08,有线通信传输设备调试工
6-08-04-09,通讯交换设备调试工
6-08-04-10,电源调试工
6-08-04-11,激光机装调工
6-08-04-12,激光全息工
6-08-04-13,铁路通信组调工
6-08-04-14,铁路信号组调工
6-08-04-15,铁路电控组调工
6-08-04-99,其他电子设备装配调试人员
6-08-05-01,电子计算机(微机)维修工
6-08-05-99,其他电子产品维修人员
6-08-99-00,其他其他电子元器件与设备制造、装配调试及维修人员
6-09-01-01,橡胶制品配料工
6-09-01-02,橡胶炼胶工
6-09-01-03,橡胶半成品制造工
6-09-01-04,橡胶成型工
6-09-01-05,橡胶硫化工
6-09-01-06,废胶再生工
6-09-01-99,其他橡胶制品生产人员
6-09-02-01,塑料制品配料工
6-09-02-02,塑料制品成型制作工
6-09-02-99,其他塑料制品加工人员
6-09-99-00,其他橡胶和塑料制品生产人员
6-10-01-01,纤维验配工
6-10-01-02,开清棉工
6-10-01-03,纤维染色工
6-10-01-04,加湿软麻工
6-10-01-05,选剥煮茧工
6-10-01-06,纤维梳理工
6-10-01-07,并条工
6-10-01-08,粗纱工
6-10-01-09,绢纺精炼工
6-10-01-99,其他纤维预处理人员
6-10-02-01,细纱工
6-10-02-02,简并摇工
6-10-02-03,捻线工
6-10-02-04,制线工
6-10-02-05,缫丝工
6-10-02-99,其他纺纱人员
6-10-03-01,整经工
6-10-03-02,浆纱工
6-10-03-03,穿经工
6-10-03-04,织布工
6-10-03-05,织物验修工
6-10-03-06,意匠纹版工
6-10-03-99,其他织造人员
6-10-04-01,纬编工
6-10-04-02,经编工
6-10-04-03,横机工
6-10-04-04,织袜工
6-10-04-05,铸、钳针工
6-10-04-99,其他针织人员
6-10-05-01,坯布检查处理工
6-10-05-02,印染烧毛工
6-10-05-03,煮炼漂工
6-10-05-04,印染洗涤工
6-10-05-05,印染烘干工
6-10-05-06,印染丝光工
6-10-05-07,印染定型工
6-10-05-08,纺织针织染色工
6-10-05-09,印花工
6-10-05-10,印染雕刻制版工
6-10-05-11,印染后整理工
6-10-05-12,印染成品定等装潢工
6-10-05-13,印染染化料配制工
6-10-05-14,工艺染织制作工
6-10-05-99,其他印染人员
6-10-99-00,其他纺织、针织、印染人员
6-11-01-01,裁剪工
6-11-01-02,缝纫工
6-11-01-03,缝纫品整形工
6-11-01-04,裁缝
6-11-01-05,剧装工
6-11-01-99,其他裁剪缝纫人员
6-11-02-01,制鞋工
6-11-02-02,制帽工
6-11-02-99,其他鞋帽制作人员
6-11-03-01,皮革加工工
6-11-03-02,毛皮加工工
6-11-03-99,其他皮革、毛皮加工人员
6-11-04-01,缝纫制品充填处理工
6-11-04-02,胶制服装上胶工
6-11-04-03,服装水洗工
6-11-04-99,其他缝纫制品再加工人员
6-11-99-00,其他裁剪缝纫和皮革、毛皮制品加工制作人员
6-12-01-01,制米工
6-12-01-02,制粉工
6-12-01-03,制油工
6-12-01-99,其他粮油生产加工人员
6-12-02-01,食糖制造工
6-12-02-02,糖果制造工
6-12-02-03,巧克力制造工
6-12-02-99,其他制糖和糖制品加工人员
6-12-03-01,乳品预处理工
6-12-03-02,乳品加工工
6-12-03-03,冷食品制作工
6-12-03-04,速冻食品制作工
6-12-03-05,食品罐头加工工
6-12-03-06,饮料制作工
6-12-03-99,其他乳品、冷食品及罐头、饮料制作人员
6-12-04-01,白酒酿造工
6-12-04-02,啤酒酿造工
6-12-04-03,黄酒酿造工
6-12-04-04,果露酒酿造工
6-12-04-05,酒精制造工
6-12-04-99,其他酿酒人员
6-12-05-01,酶制剂制造工
6-12-05-02,柠檬酸制造工
6-12-05-03,酱油酱类制作工
6-12-05-04,食醋制作工
6-12-05-05,酱腌菜制作工
6-12-05-06,食用调料制作工
6-12-05-07,味精制作工
6-12-05-99,其他食品添加剂及调味品制作人员
6-12-06-01,糕点、面包烘焙工
6-12-06-02,糕点装饰工
6-12-06-03,米面主食制作工
6-12-06-04,油脂制品工
6-12-06-05,植物蛋白制作工
6-12-06-06,豆制品制作工
6-12-06-99,其他粮油食品制作人员
6-12-07-01,猪屠宰加工工
6-12-07-02,牛羊屠宰加工工
6-12-07-03,肠衣工
6-12-07-04,禽类屠宰加工工
6-12-07-99,其他屠宰加工人员
6-12-08-01,熟肉制品加工工
6-12-08-02,蛋品及再制蛋品加工工
6-12-08-99,其他肉、蛋食品加工人员
6-12-09-01,饲料原料清理上料工
6-12-09-02,饲料粉碎工
6-12-09-03,饲料配料混合工
6-12-09-04,饲料制粒工
6-12-09-05,饲料添加剂预混工
6-12-09-06,饲料厂中央控制室操作工
6-12-09-99,其他饲料生产加工人员
6-12-99-00,其他粮油、食品、饮料生产加工及饲料生产加工人员
6-13-01-01,烟叶调制工
6-13-01-02,烟叶分级工
6-13-01-03,挂杆复烤工
6-13-01-04,打叶复烤工
6-13-01-05,烟叶回潮工
6-13-01-06,烟叶发酵工
6-13-01-99,其他原烟复烤人员
6-13-02-01,烟叶制丝工
6-13-02-02,膨胀烟丝工
6-13-02-03,白肋烟处理工
6-13-02-04,烟草薄片工
6-13-02-05,卷烟卷接工
6-13-02-99,其他卷烟生产人员
6-13-03-01,烟用二醋片制作工
6-13-03-02,烟用丝束制造工
6-13-03-03,滤棒工
6-13-03-99,其他烟用醋酸纤维丝束滤棒制作人员
6-13-99-00,其他烟用醋酸纤维丝束滤棒制作人员
6-14-01-01,化学合成制药工
6-14-01-99,其他合成药物制造人员
6-14-02-01,生化药品制造工
6-14-02-02,发酵工程制药工
6-14-02-03,疫苗制品工
6-14-02-04,血液制品工
6-14-02-05,基因工程产品工
6-14-02-99,其他生物技术制药品人员
6-14-03-01,药物制剂工
6-14-03-02,淀粉葡萄糖制造工
6-14-03-99,其他药物制剂人员
6-14-04-01,中药炮制与配制工
6-14-04-02,中药液体制剂工
6-14-04-03,中药固体制剂工
6-14-04-99,其他中药制药人员
6-14-99-00,其他药品生产人员
6-15-01-01,制材工
6-15-01-02,木材干燥工
6-15-01-99,其他木材加工人员
6-15-02-01,胶合板工
6-15-02-02,纤维板工
6-15-02-03,刨花板工
6-15-02-04,人造板制胶工
6-15-02-05,装饰层压板工
6-15-02-06,人造板饰面工
6-15-02-99,其他人造板生产人员
6-15-03-01,手工木工
6-15-03-02,机械木工
6-15-03-03,精细木工
6-15-03-99,其他木材制品制作人员
6-15-99-00,其他木材加工、人造板生产及木材制品制作人员
6-16-01-01,制浆备料工
6-16-01-02,制浆设备操作工
6-16-01-03,制浆废液回收利用工
6-16-01-99,其他制浆人员
6-16-02-01,造纸工
6-16-02-02,纸张整饰工
6-16-02-03,宣纸书画纸制作工
6-16-02-99,其他造纸人员
6-16-03-01,瓦楞纸箱制作工
6-16-03-02,纸盒制作工
6-16-03-99,其他纸制品制作人员
6-16-99-00,其他制浆、造纸和纸制品生产加工人员
6-17-01-01,水泥生产制造工
6-17-01-02,水泥制品工
6-17-01-03,石灰焙烧工
6-17-01-99,其他水泥及水泥制品生产加工人员
6-17-02-01,砖、瓦生产工
6-17-02-02,加气混凝土制品工
6-17-02-03,纸面石膏板生产工
6-17-02-04,石膏浮雕板工
6-17-02-99,其他墙体屋面材料生产人员
6-17-03-01,油毡生产工
6-17-03-02,高分子防水卷材生产工
6-17-03-99,其他建筑防水密封材料生产人员
6-17-04-01,保温材料制造工
6-17-04-02,吸音材料生产工
6-17-04-03,珍珠岩制造工
6-17-04-99,其他建筑保温及吸音材料生产人员
6-17-05-01,装饰石材生产工
6-17-05-99,其他装饰石材生产人员
6-17-06-01,云母制品加工工
6-17-06-02,石棉制品工
6-17-06-03,高岭土制品工
6-17-06-04,金刚石制品工
6-17-06-05,人工合成晶体工
6-17-06-99,其他非金属矿及其制品生产加工人员
6-17-07-01,耐火原料加工工
6-17-07-02,耐火材料成型工
6-17-07-03,耐火材料烧成工
6-17-07-04,耐火制品浸油工
6-17-07-05,耐火纤维制品工
6-17-07-99,其他耐火材料生产人员
6-17-99-00,其他建筑材料生产加工人员
6-18-01-01,玻璃配料工
6-18-01-02,玻璃熔化工
6-18-01-03,玻璃制板及玻璃成型工
6-18-01-04,玻璃加工工
6-18-01-05,玻璃制品装饰加工工
6-18-01-99,其他玻璃熔制人员
6-18-02-01,玻璃纤维制品工
6-18-02-02,玻璃钢制品工
6-18-02-99,其他玻璃纤维及制品生产人员
6-18-03-01,石英玻璃制品加工工
6-18-03-99,其他石英玻璃制品加工人员
6-18-04-01,陶瓷原料准备工
6-18-04-02,陶瓷成型工
6-18-04-03,陶瓷烧成工
6-18-04-04,陶瓷装饰工
6-18-04-05,匣钵、模型制作工
6-18-04-06,古建琉璃工
6-18-04-99,其他陶瓷制品生产人员
6-18-05-01,搪瓷釉浆熔制工
6-18-05-02,搪瓷坯体制作工
6-18-05-03,搪瓷涂搪烧成工
6-18-05-04,搪瓷花版饰花工
6-18-05-99,其他搪瓷制品生产人员
6-18-99-00,其他玻璃、陶瓷、搪瓷及其制品生产加工人员
6-19-01-01,影视置景制作员
6-19-01-02,影视服装员
6-19-01-03,影视舞台烟火特效员
6-19-01-04,影视动画制作员
6-19-01-05,影视木偶制作员
6-19-01-06,电影洗印员
6-19-01-99,其他影视制品制作人员
6-19-02-01,唱片工
6-19-02-02,唱片检听工
6-19-02-03,音像带复制工
6-19-02-04,光盘复制工
6-19-02-99,其他音像制品制作复制人员
6-19-03-01,照明设备操作员
6-19-03-02,影视设备机械员
6-19-03-03,广播电视天线工
6-19-03-04,有线广播电视机线员
6-19-03-05,音响调音员
6-19-03-06,舞台音响效果工
6-19-03-99,其他广播影视舞台设备安装调试及运行操作人员
6-19-04-01,电影放映员
6-19-04-02,拷贝检片员
6-19-04-03,拷贝字幕员
6-19-04-99,其他电影放映人员
6-19-05-01,考古发掘工
6-19-05-02,文物修复工
6-19-05-03,文物拓印工
6-19-05-04,古旧书画修复工
6-19-05-99,其他文物保护作业人员
6-19-99-00,其也广播影视制品制作、播放及文物保护作业人员
6-20-01-01,平版制版工
6-20-01-02,凸版制版工
6-20-01-03,凹版制版工
6-20-01-04,孔版制版工
6-20-01-99,其他印前处理人员
6-20-02-01,平版印刷工
6-20-02-02,凸版印刷工
6-20-02-03,凹版印刷工
6-20-02-04,孔版印刷工
6-20-02-05,木刻水印印制工
6-20-02-06,珂罗版印制工
6-20-02-07,盲文印制工
6-20-02-99,其他印刷操作人员
6-20-03-01,装订工
6-20-03-02,印品整饰工
6-20-03-99,其他印后制作人员
6-20-99-00,其他印刷人员
6-21-01-01,宝石琢磨工
6-21-01-02,贵金属首饰手工制作工
6-21-01-03,贵金属首饰机制工
6-21-01-99,其他珠宝首饰加工制作人员
6-21-02-01,手工地毯制作工
6-21-02-02,机制地毯制作工
6-21-02-99,其他地毯制作人员
6-21-03-01,金属、塑料、木制玩具装配工
6-21-03-02,布绒玩具制作工
6-21-03-03,搪塑玩具制作工
6-21-03-99,其他玩具制作人员
6-21-04-01,漆器制胎工
6-21-04-02,彩绘雕填制作工
6-21-04-03,漆器镶嵌工
6-21-04-99,其他漆器工艺品制作人员
6-21-05-01,机绣工
6-21-05-02,手绣制作工
6-21-05-03,抽纱挑编工
6-21-05-99,其他抽纱刺绣工艺品制作人员
6-21-06-01,景泰蓝制作工
6-21-06-02,金属摆件工
6-21-06-99,其他金属工艺品制作人员
6-21-07-01,工艺品雕刻工
6-21-07-99,其他雕刻工艺品制作人员
6-21-08-01,装饰美工
6-21-08-02,雕塑翻制工
6-21-08-03,壁画制作工
6-21-08-04,油画外框制作工
6-21-08-05,装裱工
6-21-08-06,版画制作工
6-21-08-99,其他美术品制作人员
6-21-99-01,民间工艺品制作工
6-21-99-02,人造花制作工
6-21-99-03,工艺画制作工
6-21-99-04,烟花爆竹制作工
6-22-01-01,墨制作工
6-22-01-02,墨水制造工
6-22-01-03,墨汁制造工
6-22-01-04,绘图仪器制作工
6-22-01-05,静电复印机消耗材制造工
6-22-01-06,毛笔制作工
6-22-01-07,自来水笔制作工
6-22-01-08,圆珠笔制作工
6-22-01-09,铅笔制造工
6-22-01-10,印泥制作工
6-22-01-99,其他文教用品制作人员
6-22-02-01,制球工
6-22-02-02,球拍、球网制作工
6-22-02-03,健身器材制作工
6-22-02-99,其他体育用品制作人员
6-22-03-01,钢琴及键盘乐器制作工
6-22-03-02,提琴制作工
6-22-03-03,管乐器制作工
6-22-03-04,民族拉弦、弹拨乐器制作工
6-22-03-05,吹奏乐器制作工
6-22-03-06,打击乐器制作工
6-22-03-07,电声乐器制作工
6-22-03-99,其他乐器制作人员
6-22-99-00,其他文化教育、体育用品制作人员
6-23-01-01,凿岩工
6-23-01-02,爆破工
6-23-01-03,土石方机械操作工
6-23-01-99,其他土石方施工人员
6-23-02-01,砌筑工
6-23-02-02,石工
6-23-02-99,其他砌筑人员
6-23-03-01,混凝土工
6-23-03-02,混凝土制品模具工
6-23-03-03,混凝土搅拌机械操作工
6-23-03-99,其他混凝土配制及制品加工人员
6-23-04-01,钢筋工
6-23-04-99,其他钢筋加工人员
6-23-05-01,架子工
6-23-05-99,其他施工架子搭设人员
6-23-06-01,防水工
6-23-06-02,防渗墙工
6-23-06-99,其他工程防水人员
6-23-07-01,装饰装修工
6-23-07-02,室内成套设施装饰工
6-23-07-99,其他装饰装修人员
6-23-08-01,古建筑结构施工工
6-23-08-02,古建筑装饰工
6-23-08-99,其他古建筑修建人员
6-23-09-01,筑路机械操作工
6-23-09-02,筑路、养护工
6-23-09-03,线桥专用机械操作工
6-23-09-04,铁道线路工
6-23-09-05,桥梁工
6-23-09-06,隧道工
6-23-09-07,铁路舟桥工
6-23-09-08,道岔制修工
6-23-09-09,枕木处理工
6-23-09-99,其他筑路、养护、维修人员
6-23-10-01,机械设备安装工
6-23-10-02,电气设备安装工
6-23-10-03,管工
6-23-10-99,其他工程设备安装人员
6-23-99-01,中小型施工机械操作工
6-24-01-01,汽车驾驶员
6-24-01-99,其他公（道）路运输机械设备操作及有关人员
6-24-02-01,车站行车作业员
6-24-02-02,车站运转作业计划员
6-24-02-03,车号员
6-24-02-04,驼峰设备操作员
6-24-02-05,车站调车作业员
6-24-02-06,列车运转乘务员
6-24-02-07,机车乘务员
6-24-02-08,机车调度员
6-24-02-09,发电车乘务员
6-24-02-10,机车整备员
6-24-02-11,救援机械操作员
6-24-02-12,列车轴温检测员
6-24-02-13,铁路通信工
6-24-02-14,铁路电源工
6-24-02-15,铁路信号工
6-24-02-99,其他铁路、地铁运输机械设备操作及有关人员
6-24-03-01,航空通信雷达导航员
6-24-03-02,航空油料员
6-24-03-03,航空摄影员
6-24-03-04,航空器材员
6-24-03-05,航空气象员
6-24-03-99,其他民用航空设备操作及有关人员
6-24-04-01,船舶甲板设备操作工
6-24-04-02,船舶机舱设备操作工
6-24-04-03,无线电航标操作工
6-24-04-04,潜水员
6-24-04-05,视觉航标工
6-24-04-06,港口维护工
6-24-04-07,航道航务施工工
6-24-04-99,其他水上运输设备操作及有凑员
6-24-05-01,起重装卸机械操作工
6-24-05-02,起重工
6-24-05-03,输送机操作工
6-24-05-04,闸门运行工
6-24-05-05,索道运输机械操作工
6-24-05-99,其他起重装卸机械操作及有关人员
6-24-99-00,其他运输设备操作人员及有关人员
6-25-01-01,大气环境监测工
6-25-01-02,水环境监测工
6-25-01-03,土壤环境监测工
6-25-01-04,环境生物监测工
6-25-01-05,环境噪声及振动监测工
6-25-01-06,固体废物监测工
6-25-01-07,环境辐射监测工
6-25-01-99,其他环境监测人员
6-25-02-01,海洋调查与监测工
6-25-02-02,海洋浮标工
6-25-02-03,海洋水文气象观测员
6-25-02-99,其他海洋环境调查与监测人员
6-25-03-01,固体废物处理工
6-25-03-02,废水处理工
6-25-03-03,废气处理工
6-25-03-04,除尘设备运行工
6-25-03-99,其他废物处理人员
6-25-99-00,其他环境监测与废物处理人员
6-26-01-01,化学检验工
6-26-01-02,材料成分检验工
6-26-01-03,材料物理性能检验工
6-26-01-04,无损检测员
6-26-01-05,产品环境适应性能检验工
6-26-01-06,产品可靠性能检验工
6-26-01-07,产品安全性能检验工
6-26-01-08,食品检验工
6-26-01-09,饲料检验工
6-26-01-10,畜禽产品检验工
6-26-01-11,烟草检验工
6-26-01-12,纺织纤维检验工
6-26-01-13,针纺织品检验工
6-26-01-14,印染工艺检验工
6-26-01-15,服装鞋帽检验工
6-26-01-16,木材及家具检验工
6-26-01-17,包装材料检验工
6-26-01-18,文体用品及出版物品检验工
6-26-01-19,燃料检验工
6-26-01-20,感光材料检验工
6-26-01-21,药物检验工
6-26-01-22,中药检验工
6-26-01-23,五金制品检验工
6-26-01-24,机械产品检验工
6-26-01-25,医疗器械检验工
6-26-01-26,机动车检验工
6-26-01-27,电器产品检验工
6-26-01-28,电工器材检验工
6-26-01-29,照明电器检验工
6-26-01-30,通信设备检验工
6-26-01-31,广播影视设备检验工
6-26-01-32,计算机检验工
6-26-01-33,电子器件检验工
6-26-01-34,仪器仪表检验工
6-26-01-35,贵金属首饰、钻石、宝玉石检验员
6-26-01-36,管道检验工
6-26-01-99,其他检验人员
6-26-02-01,飞机检验工
6-26-02-02,机载导弹检验工
6-26-02-03,航空发动机检验工
6-26-02-04,飞机螺旋桨检验工
6-26-02-05,飞机、发动机附件检验工
6-26-02-06,航空环控救生装备检验工
6-26-02-07,航空仪表检验工
6-26-02-99,其他航空产品检验人员
6-26-03-01,航天器无损检测试验工
6-26-03-02,航天器材料性能测试验工
6-26-03-03,试车台测量工
6-26-03-04,试车台液、气系统操作工
6-26-03-05,试车台控制工
6-26-03-06,液体推进剂性能试验工
6-26-03-07,固体推进剂性能试验工
6-26-03-08,试车台测力计量检定工
6-26-03-99,其他航天器检验测试人员
6-26-04-01,长度计量工
6-26-04-02,热工计量工
6-26-04-03,衡器计量工
6-26-04-04,硬度测力计量工
6-26-04-05,容量计量工
6-26-04-06,电器计量工
6-26-04-07,化学计量工
6-26-04-08,声学计量工
6-26-04-09,光学计量工
6-26-04-10,电离辐射计量工
6-26-04-11,专用计量器具计量工
6-26-99-00,其他检验、计量人员
6-99-01-00,包装人员
6-99-02-00,机泵操作人员
6-99-03-00,简单体力劳动人员
7-00-00-00,军人
8-00-00-00,不便分类的其他从业人员
6-03-14-04,含水炸药制造工
6-07-01-09,电力工程内线安装工
6-26-04-99,其他计量人员__
